사업코드,사업구분,사업명,X좌표,Y좌표
JJ2006D001,항만건설,군산항 제2준설토 투기장 축조사업,911402.4916,1773928.975
WJ2005E011,도로의 건설,신림IC~신림 도로 건설공사,1056955.631,1916818.821
GG2010E004,도로의 건설,유구~아산 도로건설공사,953588.8485,1848472.237
DG2009A002,도시의 개발,포항 장성침촌지구 도시개발사업,1169013.648,1789372.062
DG2010B006,산업입지 및 산업단지,포항제철소 제4투기장 조성사업,1172966.037,1783241.678
DG2009B012,산업입지 및 산업단지,외동 구어2 일반산업단지 조성사업,1162686.51,1746275.935
DG2010B002,산업입지 및 산업단지,가흥일반산업단지 조성사업,1097221.24,1870263.635
DG2010B003,산업입지 및 산업단지,(주)삼한C1 공장 증설사업,1071133.596,1833857.387
DG2010B001,산업입지 및 산업단지,구미 국가산업단지 확장단지 조성사업,1083685.405,1795675.157
DG2010D001,항만건설,포항신항 수역시설 증심 준설사업,1174860.054,1783059.043
DG2010B010,산업입지 및 산업단지,영덕농공단지 조성사업,1167243.141,1823222.125
GG2009B011,산업입지 및 산업단지,송산2 일반산업단지 조성사업,928619.6011,1886291.452
DG2009B008,산업입지 및 산업단지,구룡포 일반산업단지 조성사업,1182608.663,1777476.518
DG2009B009,산업입지 및 산업단지,경주 외동 모화일반산업단지 조성사업,1165121.056,1744529.713
HG2009B016,도시의 개발,화성 동탄 물류단지 개발사업,967183.3947,1908061.194
HG2010A003,도시의 개발,평택 청북 첨단물류단지 개발사업,947727.2334,1895785.522
HG2010B001,산업입지 및 산업단지,김포 학운2 일반산업단지,919552.6791,1956354.504
HG2010B010,산업입지 및 산업단지,경기화성 바이오밸리 조성사업,935148.6913,1908226.074
DG2010B012,산업입지 및 산업단지,외동제내일반산업단지 조성사업,1160319.902,1748533.045
GG2007B001,산업입지 및 산업단지,대산 제2일반일반산업단지 조성사업,898414.2819,1888563.142
HG2010A005,도시의 개발,가락시장 시설현대화사업,965659.3788,1943864.49
HG2010A010,도시의 개발,용인 역북지구 도시개발사업,972095.0816,1914886.282
ME2009C001,에너지개발,부천열병합발전소 2호기 증설사업,934950.1602,1947144.874
ME2008A074,도시의 개발,부산.진해경제자유구역 명지지구 개발사업,1128732.101,1679265.447
ME2008A082,도시의 개발,고양지축지구택지개발사업,948716.5605,1961415.301
ME2010A002,도시의 개발,인천구월 보금자리주택지구 조성사업,930384.4233,1938530.447
ME2009A004,도시의 개발,수도권 북부 내륙물류기지 민간투자사업,937473.6917,1982082.678
ME2009C002,에너지개발,태안 IGCC발전소 건설사업,887188.1244,1878623.074
ME2009C003,에너지개발,김천산업단지 집단에너지사업,1056381.756,1795562.68
ME2010A003,도시의 개발,서울항동 보금자리주택지구 조성사업,940034.4125,1942403.416
ME2010A004,도시의 개발,성남 고등 보금자리주택지구 조성사업,964420.1864,1936607.92
ND2010A001,도시의 개발,김해 내덕지구 도시개발사업,1120230.631,1691257.866
ND2010A002,도시의 개발,경남대학교 확장공사,1095777.36,1687804.84
ND2010B004,산업입지 및 산업단지,양산 덕계매곡일반산업단지 조성사업,1150418.191,1709044.562
ND2009B019,산업입지 및 산업단지,통영 법송일반산업단지 조성사업,1079512.284,1656423.695
ND2009B023,산업입지 및 산업단지,사천 장전일반산업단지,1058583.209,1677940.694
ND2009A007,도시의 개발,동삼하리지구 도시개발사업,1144340.56,1676042.75
ND2009A005,도시의 개발,매곡중산지구 도시개발사업,1167896.684,1740931.619
ND2009A008,도시의 개발,신진주 역세권 도시개발사업,1055908.893,1684264.546
ND2009B026,산업입지 및 산업단지,고성 율대일반산업단지 조성사업,1077571.002,1663356.239
ND2009B028,산업입지 및 산업단지,거창승강기 전문농공단지 조성사업,1038084.52,1740015.648
ND2009B029,산업입지 및 산업단지,내산일반산업단지 조성사업,1089096.313,1673292.834
ND2009D004,항만건설,대항마을 어촌관광단지 조성사업,1121028.344,1669228.289
WJ2009B002,산업입지 및 산업단지,삼척방재 일반산업단지 조성사업,1155352.195,1928888.469
WJ2009B006,산업입지 및 산업단지,충주녹색패션산업단지 지정 및 개발계획,1028540.413,1897644.998
ND2010B012,산업입지 및 산업단지,창녕 넥센일반산업단지 조성사업,1084907.538,1737041.035
ND2009B022,산업입지 및 산업단지,사다일반산업단지 조성사업,1052094.844,1680382.344
WJ2009B005,산업입지 및 산업단지,충주 제4산업단지 조성사업,1038999.282,1890048.063
WJ2009B010,산업입지 및 산업단지,철원플라즈마 일반산업단지 조성사업,996424.7786,2028614.576
ND2010B011,산업입지 및 산업단지,창녕 송진농공단지 조성사업,1092111.668,1713874.2
WJ2009B011,산업입지 및 산업단지,충주테크원씨티산업단지 산업계획승인,1022610.71,1890650.073
ND2009B024,산업입지 및 산업단지,기장대우 일반산업단지,1160320.196,1709140.809
WJ2007B003,산업입지 및 산업단지,감곡산업단지 조성사업,1013782.889,1903294.954
WJ2009B007,산업입지 및 산업단지,괴산 발효식품농공단지 조성사업,1028839.552,1871348.623
ND2009B010,산업입지 및 산업단지,군북일반산업단지 조성사업,1074399.368,1699845.844
GG2010B005,산업입지 및 산업단지,둔포일반산업단지,960939.0299,1878414.631
WJ2010B006,산업입지 및 산업단지,괴산 유기식품 산업단지 조성사업,1032622.022,1863376.006
WJ2010B001,산업입지 및 산업단지,삼척 종합발전 일반산업단지 개발사업,1163285.838,1911268.331
GG2010A002,도시의 개발,부여군 고령친화모델지역 시범사업,945370.1652,1811910.552
YS2006A004,도시의 개발,광주 하남3지구 도시 개발사업,936297.9653,1687771.092
YS2006A005,도시의 개발,광주선운지구 택지개발사업,934022.6,1683902.51
GG2010D003,항만건설,지방어항(몽산포항)개발계획,890217.3684,1853189.572
YS2008A004,도시의 개발,전라남도 광양시 광양읍 초남리608-1번지 일원,1009716.594,1660846.715
DG2009B005,산업입지 및 산업단지,경상북도 상주시 함창읍 오동리 일원,1062158.571,1840766.359
GG2010B012,산업입지 및 산업단지,명학일반산업단지 조성사업,984951.6148,1838315.761
GG2010B014,산업입지 및 산업단지,합덕인더스파크 일반산업단지,932852.4096,1865779.583
ND2009B007,산업입지 및 산업단지,경상남도 진해시 원포동,1110224.829,1679683.769
JJ2006B005,산업입지 및 산업단지,전의 2일반지방산업단지 조성사업,974665.0569,1855897.454
DG2008A002,도시의 개발,포항 이인지구 도시개발사업,1165215.687,1787673.544
ND2009A006,도시의 개발,울산광역시 울주군 언양읍 송대리산 17-4번지 일원,1147046.961,1732600.161
GG2008A003,도시의 개발,석봉동도시개발사업,992921.0374,1828264.828
HG2008B003,산업입지 및 산업단지,평택 포승(2) 일반산업단지 조성사업,942775.6873,1885629.19
HG2009B012,산업입지 및 산업단지,반월특수지역개발구역 중 송산그린시티 개발계획,932917.1651,1918747.219
ME2007A177,도시의 개발,천안신월지구 국민임대주택단지 조성사업,969146.3212,1875079.704
WJ2008B004,산업입지 및 산업단지,동해 송정 일반산업단지 조성사업,1143104.77,1944398.754
YS2007A003,도시의 개발,제주 아라지구 도시개발사업,911325.2776,1498325.972
YS2007D001,항만건설,목포항 진입항로 준설사업,894069.3104,1642729.329
HG2007A018,도시의 개발,김포 신곡6지구 도시개발 사업,934656.1059,1955150.674
DG2009B010,산업입지 및 산업단지,봉룡일반산업단지 조성사업,1057067.001,1856733.616
DG2008B006,산업입지 및 산업단지,영천 고경일반산업단지 조성사업,1137672.741,1778403.642
GG2010A005,도시의 개발,천안북부지구 도시개발사업,973192.9366,1876637.717
GG2010B004,산업입지 및 산업단지,남부(웅천)일반산업단지,916684.3417,1805335.471
GG2010B011,산업입지 및 산업단지,문백(정밀기계)일반산업단지,996430.5087,1865173.21
GG2010B015,도시의 개발,영보화학(주) 공장부지 증설사업,986188.8848,1842782.331
ND2008B022,산업입지 및 산업단지,봉암일반산업단지조성사업,1084444.096,1667113.924
DG2009B004,산업입지 및 산업단지,경상북도 상주시 화서면 상용리 일원,1039112.413,1827452.991
DG2009B013,산업입지 및 산업단지,경상북도 포항시 북구 흥해읍용한리,1172628.113,1792827.063
ND2009B002,산업입지 및 산업단지,경상남도 사천시 사천읍구암리 산48-1,1056942.915,1677255.764
GG2009B005,산업입지 및 산업단지,충청남도 서천군 종천면석촌리 산40번지,928270.1507,1791104.254
ME2007A210,도시의 개발,인천국제공항 Water Park 개발사업에 따른 경정훈련원 건립공사,905981.3275,1936898.371
ME2007C004,에너지개발,인천LNG복합화력후속기 건설사업,921028.8026,1946169.382
ME2007D002,항만건설,고대지구 동국제강㈜ 전용부두 개발사업,935040.4891,1886947.54
ME2008C005,에너지개발,포스코파워 광양부생복합발전소 건설사업,1021858.59,1657341.027
YS2008D003,항만건설,전라남도 광양시 금호동광양제철소 원료부두 및 CTS 반출부두 남측해상,1023631.174,1655962.521
GG2009B001,산업입지 및 산업단지,충청남도 공주시 검상동봉정동 일원,961822.4731,1826202.261
HG2009B002,산업입지 및 산업단지,경기도 화성시 동탄면오산리 일원,963443.1006,1908258.095
ND2007D006,항만건설,울산항 염포부두 축조공사,1171907.536,1726043.861
YS2007B002,산업입지 및 산업단지,화순지방산업단지 조성사업,951402.6612,1670944.174
ND2008B013,산업입지 및 산업단지,길천일반산업단지(2차) 조성사업,1143086.575,1734540.09
DG2009B003,산업입지 및 산업단지,신기제2일반산업단지 조성사업,1061000.012,1849438.188
DG2009B001,산업입지 및 산업단지,문경 산양제2농공단지 조성사업,1065309.823,1845926.177
DG2009B006,산업입지 및 산업단지,강동일반산업단지 조성사업,1163026.256,1775262.311
HG2009B009,산업입지 및 산업단지,파주 법원 2 일반산업단지,943644.7298,1982842.169
ND2009B008,산업입지 및 산업단지,경상남도 사천시 곤양면흥사리 산 117,1046517.538,1679024.388
DG2009B011,산업입지 및 산업단지,경상북도 봉화군 봉화읍유곡리 산13-4번지 일원,1112636.209,1878610.455
DG2009B014,산업입지 및 산업단지,"경상북도 포항시 남구 오천읍 광명리, 용산리 일원",1173052.207,1773477.672
GG2008D001,항만건설,보령항 항로준설 사업,909965.5331,1822832.909
DG2009D003,항만건설,삼정항 시설공사,1186905.495,1780459.881
ND2008A007,도시의 개발,진해웅천묘지공원 조성계획변경 및 실시계획,1112126.474,1679554.138
GG2007B003,산업입지 및 산업단지,보은국가산업단지 부지증설 환경영향평가(재협의),1011856.02,1841147.443
HG2009A006,도시의 개발,평택 세교지구 도시개발사업,963352.5236,1890102.552
YS2008C001,에너지개발,거금 에너지테마파크 조성사업,967020.0077,1605601.391
GG2006B003,산업입지 및 산업단지,도고농공단지 조성사업 환경영향평가,944041.1811,1862101.194
DG2008B007,산업입지 및 산업단지,성주일반산업단지 조성사업,1071172.046,1771256.49
ME2009A014,도시의 개발,서울 서초 보금자리주택 조성사업,957483.3654,1939958.771
HG2009B007,산업입지 및 산업단지,안성 제4일반산업단지 조성사업,977962.7302,1883930.823
GG2009A002,도시의 개발,대전 평촌지구 도시개발사업,994217.5746,1826699.651
JJ2008B008,산업입지 및 산업단지,익산 금마농공단지 조성사업,960662.8053,1776586.442
HG2009A007,도시의 개발,평택 현촌지구 도시개발사업,967235.5187,1888975.574
HG2009A008,도시의 개발,권선지구 도시개발사업,957766.1962,1916020.495
GG2008B008,산업입지 및 산업단지,대한전선(주)공장부지 조성사업,920282.5031,1884787.606
ME2009A012,도시의 개발,서울강남 보금자리주택 조성사업,964297.2484,1941362.481
GG2008B006,산업입지 및 산업단지,논산제2일반산업단지 조성사업,959113.202,1802305.192
ME2009A038,도시의 개발,서울 세곡2 보금자리 주택지구 조성사업,965229.6251,1941877.143
JJ2008B004,산업입지 및 산업단지,익산 일반산업단지 조성사업,954410.6595,1782688.002
ME2007B008,산업입지 및 산업단지,파주 신촌 지방산업단지 조성사업,929059.0496,1970339.234
YS2007B005,산업입지 및 산업단지,청계 2농공단지 조성사업,902434.7961,1661162.841
ME2009A008,도시의 개발,충청남도 천안시 성환읍 성환리 성월리 일원,967115.8665,1880682.154
GG2005A011,도시의 개발,청주율량지구택지개발사업,1000012.114,1852124.188
ME2006A003,도시의 개발,평택 안중 송담지구 토지구획정리사업,949343.6368,1887091.525
GG2008B002,산업입지 및 산업단지,서산테크노밸리 조성사업,906551.0707,1870496.156
HG2009B010,산업입지 및 산업단지,양주 홍죽 일반산업단지 조성사업,952605.5479,1978077.33
JJ2007B001,산업입지 및 산업단지,흥덕농공단지 조성사업,926578.0107,1724962.862
GG2008A009,도시의 개발,당진 송악지구 도시개발사업,928157.3038,1878347.278
ME2008A084,도시의 개발,국립해양생물자원관 건립사업,925208.642,1780445.936
ME2009A040,도시의 개발,구리갈매 보금자리주택지구 조성사업,966385.2014,1959222.917
JJ2009B001,산업입지 및 산업단지,태인오봉농공단지 조성사업,949199.4938,1741159.708
ME2007A219,도시의 개발,계룡대실지구 도시개발사업,977974.7549,1806993.83
HG2008A005,도시의 개발,"평택 모산,영신지구 도시개발사업",963471.8278,1891125.691
HG2009B008,산업입지 및 산업단지,파주 법원 1 일반산업단지,945126.4343,1982833.457
ME2007A208,도시의 개발,화성 남양뉴타운 도시개발사업,940515.0187,1912207.621
GG2007A007,도시의 개발,당진우두지구택지개발사업,922462.8654,1878829.188
GG2008B012,산업입지 및 산업단지,풍세지방산업단지 조성사업,964471.2065,1858871.969
JJ2005E006,도로의 건설,진안~성수간 도로공사,990225.6025,1746157.921
ME2006E007,도로의 건설,춘천~양양간 고속도로(동홍천~인제간) 건설사업,1056359.642,1978467.598
WJ2007E001,도로의 건설,왕산~성산 국도개량공사,1117663.608,1965353.222
YS2007E002,도로의 건설,장흥-유치 도로확포장공사,944912.4212,1637844.724
ME2007E010,도로의 건설,제2외곽순환(인천~김포) 고속도로 민간투자사업,922302.9446,1951467.609
HG2007E009,도로의 건설,포곡-양지 도시고속화도로 민간투자사업,979865.3163,1917046.164
ND2007E004,도로의 건설,내서~칠원 국도건설공사,1093643.64,1699468.157
YS2004E006,도로의 건설,조천우회도로(신촌~함덕) 건설공사,920377.1271,1504312.77
YS2006E007,도로의 건설,일로-몽탄간 도로확장공사,910693.316,1654117.601
DG2007E003,도로의 건설,포항 흥해-기계 국도건설공사,1156426.656,1786264.187
ME2007E008,도로의 건설,제2영동(서울~원주)고속도로 민간투자사업 (광주-원주)(제4공구),1011098.664,1932044.085
ND2008E002,도로의 건설,창원-부산간 도로 민간투자사업,1114791.334,1687326.033
YS2008E010,도로의 건설,낙안~상사 국가지원지방도 건설공사,991077.7258,1658348.382
ME2008E003,도로의 건설,영천~상주고속도로 민간투자사업,1102492.971,1794645.217
ND2008E003,도로의 건설,울산국가산업단지(용연-청량IC)연결도로 도시관리계획 결정(변경),1164555.387,1721682.731
ND2007E008,도로의 건설,부산시계~무거 국도건설공사,1153147.283,1714999.828
HG2008E008,도로의 건설,발안~조암간 도로 확포장공사,942303.6574,1900219.71
HG2008E009,도로의 건설,파주신도시 서측우회도로 기본 및 실시설계,931524.454,1972685.501
HG2008E012,도로의 건설,진건~오남간 도로 확포장공사,972469.6055,1964518.909
HG2008E010,도로의 건설,서수원~의왕간 고속화도로민간제안사업,953500.3601,1926307.614
HG2009E004,도로의 건설,대2-16호선 건설사업 환경영향평가서(재협의)본안,936573.2767,1932606.49
HG2008E011,도로의 건설,신지~본두간(농도102호) 도로 확포장공사,1007276.237,1920212.543
HG2008E007,도로의 건설,평택호 ~ 진위천간 인라인 및 보행자 순환도로개설공사,953829.4772,1885730.749
ME2008E008,도로의 건설,상주-영덕(청송-영덕간)고속도로 건설사업,1150416.77,1828739.624
ME2008E007,도로의 건설,상주-영덕(의성-청송간)고속도로 건설사업,1116724.153,1826376.589
ME2010E001,도로의 건설,부산외곽순환 고속도로 건설사업,1134416.118,1699940.12
HG2008E005,도로의 건설,도하-덕계간 도로개설 민간투자사업,958512.2801,1981413.664
YS2009E001,도로의 건설,영산강 강변도로 개설공사,910763.064,1646642.653
ME2009E003,도로의 건설,함양~울산(함양~합천간) 고속도로 건설사업,1040199.113,1729370.852
DG2010E005,도로의 건설,국가지원지방도 32호선(농암~산양)건설공사,1053649.837,1841374.61
ME2009E004,도로의 건설,함양~울산(합천~창녕간) 고속도로 건설사업,1069288.616,1722855.702
DG2012E002,도로의 건설,구미국가 제5산업단지 진입도로 개설공사(2공구),1084219.054,1797210.024
WJ2011E001,도로의 건설,백복령~달방댐 도로건설공사,1128747.81,1949160.242
ME2011E006,도로의 건설,서울-문산 고속도로 민간투자사업,939799.6201,1967699.367
ND2014E002,도로의 건설,한내-덕곡간 도로 확포장공사,1083496.986,1671713.927
ME2013E003,도로의 건설,수도권 제2순환고속도로(화도-양평) 건설사업,988452.6445,1952487.825
WJ2016E001,도로의 건설,단양~영월 도로건설공사,1079620.007,1904814.148
ME2015E002,도로의 건설,이천~오산 고속도로 민간투자사업,974692.551,1917270.816
ME2014E001,도로의 건설,동해고속도로(포항~영덕간) 건설사업,1167781.833,1806666.305
HG2007A003,도시의 개발,광교지구 택지개발사업,960965.5446,1921505.91
ME2007A160,도시의 개발,행정중심 복합도시건설사업,980601.5254,1834385.638
ME2007A163,도시의 개발,울산혁신도시 개발사업(울산우정택지개발사업),1165006.801,1732015.798
ME2007A168,도시의 개발,김포한강신도시 택지개발사업 (구. 김포양촌지구 택지개발사업),925908.1592,1961055.135
ME2007A195,도시의 개발,시흥장현 공공주택지구(구.시흥 장현지구 택지개발사업),937931.2774,1931028.164
ME2007A123,도시의 개발,태안 관광·레저형 기업도시,895733.5316,1855706.588
ME2007A204,도시의 개발,인천서창2지구 택지개발사업,933652.3918,1936582.275
ME2008A077,도시의 개발,육군학생중앙군사학교 이전사업,1027139.82,1870626.663
GG2008A004,도시의 개발,경호안전교육원건립사업,960386.3547,1836768.322
ME2007A205,도시의 개발,동해고속도로(주문진~속초간) 건설사업 5공구,1094887.639,2016458.206
ME2007B007,도시의 개발,"인천 경제자유구역 송도지구 개발사업(5,7공구)(재협의)",924519.1412,1931985.742
GG2008A002,도시의 개발,청주 율량2지구 택지개발사업,1000010.23,1852163.774
ME2007A164,도시의 개발,위례지구 택지개발사업(송파거여지구 택지개발사업),968697.2561,1941929.295
ME2007A198,도시의 개발,아산탕정 택지개발사업,962850.722,1867680.102
JJ2007A003,도시의 개발,군산 신역세권 택지개발사업,932962.52,1778184.689
GG2009A004,도시의 개발,서천 마서지구 도시개발사업(국립생태원),929815.673,1782151.972
ME2009A013,도시의 개발,하남미사 보금자리주택지구 개발사업,972546.374,1951726.126
WJ2007A004,도시의 개발,춘천우두지구 택지개발사업,1020494.471,1989905.071
YS2008A008,도시의 개발,광양만권 경제자유구역 하동지구(갈사만 매립지 및 매립배후지) 조성사업,1027427.872,1660712.66
ME2009A042,도시의 개발,부천옥길 보금자리주택지구 조성사업,939891.27,1940816.03
ND2008A009,도시의 개발,마산해양신도시 건설사업,1097517.959,1687721.179
ME2009A043,도시의 개발,남양주 다산진건 공공주택지구 조성사업(구.남양주진건 보금자리주택지구 조성사업),969445.2338,1958208.132
ME2009A041,도시의 개발,시흥은계 보금자리주택지구 조성사업,938266.7009,1938226.261
ME2010A006,도시의 개발,광명 시흥 보금자리주택지구 조성사업,942078.3637,1937301.031
HG2008A001,도시의 개발,고덕국제화계획지구 택지개발사업,958519.6664,1894322.149
ME2008A078,도시의 개발,화성동탄(2)택지개발사업,965447.066,1909836.267
JJ2010A001,도시의 개발,군산 미장지구 도시개발사업,930567.1176,1774361.187
HG2007A016,도시의 개발,안성 아양지구(안성뉴타운) 택지개발사업,978220.5704,1889811.779
ME2009A044,도시의 개발,남양주 다산지금 공공주택지구(구.남양주 지금 보금자리주택지구 조성사업),970886.4318,1956445.865
ND2009A002,도시의 개발,부산 장안지구 택지개발사업,1157833.676,1704491.132
ND2012A003,도시의 개발,농소공공하수처리시설 민간투자사업,1167068.701,1736731.281
ME2011A004,도시의 개발,과천지식정보타운 보금자리주택지구 조성사업,954248.4082,1934931.132
ME2008A081,도시의 개발,파주운정3지구 택지개발사업,931961.0364,1969920.766
ND2007A007,도시의 개발,김해 율하2지구 택지개발사업,1120838.239,1686641.813
JJ2013A001,도시의 개발,전주 00부대이전부지 도시개발사업,966505.6133,1764425.038
ME2009A007,도시의 개발,화성 비봉지구 공공주택지구 조성사업,944151.4276,1916643.681
ND2014A002,도시의 개발,울산과학기술대학교 건설사업(재협의),1153066.493,1731937.278
ND2014A006,도시의 개발,내곡지구 도시개발사업,1097897.301,1705705.896
ME2014A002,도시의 개발,하남미사 공공주택지구 조성사업,970872.4128,1947641.173
DG2014A001,도시의 개발,보문천군지구 도시개발사업,1161347.115,1758777.689
ME2015A013,도시의 개발,화성동탄(2)지구 택지개발사업(재협의),965156.8108,1910000.175
HG2007B002,산업입지 및 산업단지,파주월롱 첨단일반산업단지,936578.9067,1981939.95
DG2007B002,산업입지 및 산업단지,대구테크노폴리스 지방산업단지 조성사업,1086977.734,1743974.728
GG2007B004,산업입지 및 산업단지,합덕일반지방산업단지조성사업,932681.7021,1868818.276
ND2008B030,산업입지 및 산업단지,안정국가산업단지 개발사업(재협의),1084826.036,1663788.08
YS2007B001,산업입지 및 산업단지,광양항 서측배후단지 조성공사,1013356.393,1656464.693
ND2007B011,산업입지 및 산업단지,"고성 조선산업단지 조성사업(양촌,용정지구)",1089793.081,1671280.173
ND2007B003,산업입지 및 산업단지,울산.미포국가산업단지(효문공단) 공장용지 조성사업,1169351.011,1732071.791
JJ2008B002,산업입지 및 산업단지,전주친환경첨단복합단지 조성,962742.2487,1762544.149
GG2008B005,산업입지 및 산업단지,오창제2산업단지 조성사업,995360.189,1859435.973
GG2008B009,산업입지 및 산업단지,천안제3산업단지 조성사업(재협의),964925.7953,1871756.782
YS2008B004,산업입지 및 산업단지,광주진곡 일반산업단지 조성사업,935055.4798,1689977.586
HG2007B005,산업입지 및 산업단지,검단일반지방산업단지,921518.9577,1955112.959
ND2008B014,산업입지 및 산업단지,안의제2농공단지 조성사업,1029784.275,1736606.635
ME2008B004,산업입지 및 산업단지,이화일반산업단지 조성사업,1167450.409,1743125.072
GG2007B002,산업입지 및 산업단지,석문국가산업단지 개발사업,918701.7509,1890213.392
JJ2008B007,산업입지 및 산업단지,김제 지평선 일반산업단지 조성사업 (분할이 잘못됨 전체 PDF 봐야함),943666.5373,1761332.066
GG2007B006,산업입지 및 산업단지,대덕연구개발특구 1단계 개발사업,986149.9113,1820627.731
GG2008B001,산업입지 및 산업단지,탄천일반산업단지 조성사업,960583.836,1811724.977
ND2008B009,산업입지 및 산업단지,울산 High Tech Valley 조성사업,1144291.794,1726205.844
ND2008B007,산업입지 및 산업단지,산막일반산업단지 조성사업,1142008.804,1709417.552
GG2008B004,산업입지 및 산업단지,송산일반산업단지(재협의),928436.8243,1888041.766
JJ2009B003,산업입지 및 산업단지,부안 제2 농공단지 조성사업,929834.3046,1749088.4
YS2009B005,산업입지 및 산업단지,대양일반산업단지 조성사업,899276.874,1649378.774
HG2008B004,산업입지 및 산업단지,평택 고덕국제화계획지구 일반산업단지,960467.4094,1892749.608
ND2009B017,산업입지 및 산업단지,명례일반산업단지 조성사업,1159478.067,1709707.878
ND2009B009,산업입지 및 산업단지,안정일반산업단지 조성사업,1084913.547,1660882.572
DG2009L001,산업입지 및 산업단지,영양풍력발전단지 건설사업,1155246.527,1842634.12
ND2009B015,산업입지 및 산업단지,춘화농공단지 조성사업,1111174.095,1726686.085
ND2009B016,산업입지 및 산업단지,석강 제2농공단지조성사업,1048009.293,1743335.467
ME2009B001,산업입지 및 산업단지,대구사이언스파크 개발사업,1082621.037,1739291.177
GG2008B010,산업입지 및 산업단지,진천산업단지 조성사업(신척),998703.5743,1880472.882
ME2009B002,산업입지 및 산업단지,구미 하이테크밸리 개발사업(5산단),1082748.548,1800282.081
ND2008B017,산업입지 및 산업단지,울산 KCC일반산업단지 조성사업,1152913.172,1745934.702
ND2008B019,산업입지 및 산업단지,"석대1,2지구 도시첨단산업단지 조성사업",1147673.974,1693544.283
GG2008B014,산업입지 및 산업단지,영동일반산업단지 조성사업,1028034.068,1810376.998
GG2008B015,산업입지 및 산업단지,청산산업단지 조성사업,1026259.174,1814895.778
ND2008B015,산업입지 및 산업단지,온산국가산업단지 강양ㆍ우봉 1ㆍ2지구 조성사업,1167791.787,1713693.933
ND2009B001,산업입지 및 산업단지,두동 일반산업단지 조성사업,1154489.965,1747264.213
DG2009B007,산업입지 및 산업단지,대구출판산업단지 개발사업,1092500.587,1760604.166
ND2008B028,산업입지 및 산업단지,수정일반산업단지 조성사업,1098835.277,1680853.087
GG2008B007,산업입지 및 산업단지,천안제5일반산업단지 조성사업,978408.2786,1860183.072
HG2009B001,산업입지 및 산업단지,덕포일반산업단지 조성사업,1085124.87,1659279.479
HG2009B003,산업입지 및 산업단지,전곡해양산업단지(화성 해양복합 산업단지 조성사업),926410.013,1910230.521
ND2009B013,산업입지 및 산업단지,함안 부목일반산업단지 조성사업,1087851.176,1707331.623
ND2009B018,산업입지 및 산업단지,칠서 태곡일반산업단지 조성사업,1088783.238,1706396.122
ND2009B004,산업입지 및 산업단지,밀양 하남일반산업단지 조성사업,1110993.55,1710864.853
ND2010B001,산업입지 및 산업단지,장기일반산업단지 조성사업,1083476.275,1671867.232
JJ2009B002,산업입지 및 산업단지,무주 제2농공단지 조성사업,1013507.333,1778078.065
GG2009B008,산업입지 및 산업단지,합덕순성 테크노폴리스,933264.1335,1870193.122
ND2009B021,산업입지 및 산업단지,반천일반산업단지 조성사업,1149395.693,1730798.404
YS2009B013,산업입지 및 산업단지,신안조선타운 일반산업단지 조성사업,891978.3633,1654721.927
WJ2009B003,산업입지 및 산업단지,호산일반산업단지 개발사업,1164025.964,1909385.13
ND2010B020,산업입지 및 산업단지,그린인더스트리얼컴플렉스 조성사업,1164185.613,1712973.223
JJ2010B003,산업입지 및 산업단지,남원 노암 제3농공단지 조성사업,988959.7128,1710344.377
DG2011B003,산업입지 및 산업단지,김천1 일반산업단지(2단계) 조성사업 개발계획(변경)(구.김천2 일반산업단지 조성사업),1056938.283,1796632.374
WJ2012B002,산업입지 및 산업단지,봉명 일반산업단지 조성사업(동춘천 일반산업단지),1024399.065,1974106.113
GG2011B005,산업입지 및 산업단지,오송 제2생명과학단지 조성사업,982969.0627,1847232.721
ME2012B001,산업입지 및 산업단지,국가식품클러스터 산업단지 개발사업,962570.9009,1775637.696
WJ2012B001,산업입지 및 산업단지,충주메가폴리스 일반산업단지,1028318.323,1888230.863
YS2012B008,산업입지 및 산업단지,해룡산업단지 조성사업-재협의,1005825.004,1657357.74
YS2012B002,산업입지 및 산업단지,동면 제2농공단지 조성사업-재협의,956914.9645,1669836.843
HG2011B003,산업입지 및 산업단지,강화일반산업단지 조성사업,911770.1551,1974319.02
YS2012B011,산업입지 및 산업단지,광양 세풍일반산업단지 조성사업,1008014.599,1659559.321
DG2012B016,산업입지 및 산업단지,경산지식산업지구 개발사업,1119350.8,1772429.277
YS2012B015,산업입지 및 산업단지,율촌 제Ⅱ산업단지 조성사업,1011969.978,1650310.471
GG2012B007,산업입지 및 산업단지,국제과학비지니스벨트 거점지구(대덕연구개발특구 2단계),991707.8353,1821763.186
WJ2014B001,산업입지 및 산업단지,충주메가폴리스 일반산업단지 조성사업(재협의),1028318.323,1888230.863
DG2014B001,산업입지 및 산업단지,경산4 일반산업단지 조성사업,1121168.301,1764115.95
DG2014B004,산업입지 및 산업단지,고령 오곡일반산업단지 조성사업,1081478.958,1749408.243
YS2015K002,산업입지 및 산업단지,대나무 바이오단지 조성사업,952457.6029,1701625.311
YS2015B004,산업입지 및 산업단지,여수국가산업단지내 공장증설사업(여천NCC㈜),1015390.842,1646756.288
ND2014B015,산업입지 및 산업단지,모바일테크밸리 조성사업,1164630.624,1739374.858
ND2016B006,산업입지 및 산업단지,덕포일반산업단지 조성사업,1085135.872,1659255.112
GG2015B001,산업입지 및 산업단지,대전산업단지 재생사업,991801.808,1819138.026
GG2015B006,산업입지 및 산업단지,진천 송두산업단지 조성사업,996618.8643,1875716.183
ND2016B003,산업입지 및 산업단지,에너지융합 산업단지 조성사업,1165187.198,1708062.991
ME2006C003,에너지개발,중·저준위방사성폐기물 처분시설부지,1178609.335,1749762.719
ME2006C001,에너지개발,"신고리 원자력 3,4호기 건설사업",1164533.532,1706385.267
ND2005C001,에너지개발,765kv 신고리-북경남 송전선로(2구간) 건설사업,1124210.455,1724420.62
ME2007C014,에너지개발,"포스코파워 LNG복합발전소 5,6호기 건설사업",921186.0885,1945789.355
ME2008C008,에너지개발,345㎸북경남제2분기 송전선로 건설사업,1084267.598,1749055.033
DG2008C003,에너지개발,345kV 선산~신포항 연결 송전선로 건설사업,1088849.642,1788335.062
ND2009O004,에너지개발,부산시 생활폐기물 연료화 및 발전시설 민간투자사업,1125598.162,1682979.459
ME2010C008,에너지개발,현대제철 기력발전설비 건설사업(재협의),928735.7734,1888036.163
ME2011C002,에너지개발,행정중심복합도시 열병합발전소,977271.6036,1830021.549
ME2007C016,에너지개발,서울LNG복합화력 대체건설사업,948593.9416,1949619.913
ME2010C005,에너지개발,여수화력 1호기 건설사업,1017395.046,1649330.37
ME2011C004,에너지개발,"포스코파워 LNG 복합발전소 1, 2호기 건설사업",921403.1981,1945713.888
ME2011C010,에너지개발,동두천복합화력 건설사업,963974.2738,1989080.412
ME2011C011,에너지개발,"신고리원자력 5, 6호기 건설사업",1164514.436,1706419.406
ME2012C007,에너지개발,삼천포화력 제4회처리장 건설사업(재협의),1056797.305,1656401.674
ME2014C006,에너지개발,신서천 화력 건설사업,909763.5288,1794666.991
ME2013C003,에너지개발,당진에코파워 건설사업(구.동부그린발전소 건설사업),913107.3095,1895248.995
ME2014C015,에너지개발,"신한울 원자력 3,4호기 건설사업",1168238.879,1899493.048
HG2009I004,하천의 이용 및 개발,한강살리기 사업,998089.368,1936350.064
DG2009I001,하천의 이용 및 개발,낙동강 살리기 사업(2권역),1080895.341,1800445.946
ND2009I002,하천의 이용 및 개발,낙동강살리기사업(1권역),1114495.781,1705107.169
YS2009I005,하천의 이용 및 개발,섬진강 살리기 생태하천 조성사업,983229.1212,1712524.682
ND2009I004,하천의 이용 및 개발,낙동강살리기사업(서낙동강),1129619.286,1687615.737
WJ2009I003,하천의 이용 및 개발,섬강살리기 13공구[후용.간현지구] 및 14공구[호저지구] 사업,1036371.183,1936120.145
DG2009I003,하천의 이용 및 개발,금호강 생태하천 조성사업,1110103.239,1767785.701
ND2012I003,하천의 이용 및 개발,태화강(언양~선바위) 생태하천 조성공사,1152896.867,1730941.824
GG2012I002,하천의 이용 및 개발,삽교천 합덕지구 등 7개지구 하천환경정비공사,941312.2959,1871428.319
DG2014I001,하천의 이용 및 개발,감천(국가하천구간) 하천정비사업,1063006.815,1795245.625
YS2006D002,항만건설,여수신항재정비사업,1022892.008,1639400.517
HG2006D001,항만건설,인천신항 건설사업,923893.1514,1928189.343
YS2006D003,항만건설,녹동 신항 접안시설 방파제 및 배후단지 조성사업,967729.4226,1614381.764
GG2006D002,항만건설,대산항 개발사업 (재협의),904619.0873,1890965.437
HG2007D002,항만건설,연평도항 건설사업,842208.2007,1963926.587
ME2008D002,항만건설,초대형FLOATING DOCK준설공사(RD#1/#2/#4),1110162.109,1654859.412
ND2009D003,항만건설,부산남항 남항동 호안정비 사업,1140112.672,1677401.472
HG2009D001,항만건설,인천남항 국제여객부두 및 터미널 건설사업,920350.1282,1936023.485
ND2008D003,항만건설,부산항 신항 서컨 준설토투기장 가호안 조성사업,1115933.463,1676003.287
HG2009J001,항만건설,송도11공구 공유수면 매립사업,927326.357,1930199.272
HG2010D006,항만건설,인천항 제1항로 및 기타지역 증심 준설사업,916957.3522,1934223.892
HG2010D003,항만건설,아산산업기지 항만개발사업,933976.0484,1887535.279
HG2012J002,항만건설,평택.당진항 진입항로 항로1구역 준설공사,917681.7963,1901651.441
JJ2011D001,항만건설,새만금 신항만 개발사업,907735.7671,1754465.56
ND2011D006,항만건설,부산항 신항 증심(2단계) 및 2단계 항로 준설공사,1117041.722,1673363.876
ND2010D002,항만건설,부산항 신항 선박급유 및 유류중계기지 건립사업,1117764.259,1674396.928
ND2012D005,항만건설,부산항 신항 송도 준설토투기장 건설사업,1114804.279,1675891.927
HG2012J003,항만건설,영종도2단계 준설토투기장 호안축조사업,916299.4284,1948978.24
ND2013D001,항만건설,동북아 오일허브 울산신항 북항지역 하부시설 축조사업,1170442.629,1720454.762
HG2012D004,항만건설,인천항 접근항로준설공사,900837.3461,1926984.942
ND2013D007,항만건설,부산항 신항 증심(2단계) 및 2단계 항로 준설공사 (재협의),1118150.359,1674873.762
YS2013D005,항만건설,광양항 친수시설 부지조성공사,1018719.786,1658550.283
ND2014D002,항만건설,동북아 오일허브(1단계) 상부시설 건설사업,1170442.629,1720454.762
ND2015D002,항만건설,거제 모사 공유수면 매립,1099575.804,1660916.211
HG2014D001,항만건설,인천신항 항로증심 준설사업,910268.6759,1925131.291
YS2015D007,항만건설,광양항 율촌1산단 진입항로 준설공사,1009840.233,1656855.11
HG2009B004,산업입지 및 산업단지,수원산업단지(3단지) 조성사업,954312.0034,1916053.494
ND2006A007,도시의 개발,울산 송정지구 택지개발사업,1169009.672,1735449.091
DG2011D003,항만건설,포항 영일만항 항만배후단지 조성사업,1173925.662,1790640.675
YS2010B006,산업입지 및 산업단지,목포 삽진 일반산업단지계획(변경)(재협의),897449.5098,1648421.209
YS2009E004,도로의 건설,화원산단 진입도로 개설공사,893711.3844,1636125.592
JJ2010B001,산업입지 및 산업단지,고창 일반산업단지 조성사업,925229.808,1713554.232
YS2009B010,산업입지 및 산업단지,제주워터클러스터(물산업단지) 조성사업,903979.6973,1479015.508
HG2008E006,도로의 건설,화정동 ~ 신사동간 도로개설공사,944857.8958,1958208.837
YS2010E005,도로의 건설,영산강 강변도로 개설공사(2단계),910847.6209,1646931.919
GG2011A001,도로의 건설,화양~양화 도로건설공사,940547.9752,1786633.236
GG2011E001,도로의 건설,행정도시~청주 도로건설공사,988804.4589,1840796.805
HG2007B003,산업입지 및 산업단지,남양주 팔야지방산업단지 개발사업,976403.2934,1972308.981
ME2007A165,도시의 개발,경북 김천혁신도시 개발사업,1061746.943,1792057.394
ND2008D002,항만건설,부산항 북항 항로증심 준설공사,1144754.574,1679062.476
ND2009E001,도로의 건설,신항만부두 연결도로 개설사업,1168821.45,1720567.607
YS2010A002,도시의 개발,오천지구 택지개발사업,1000044.471,1660170.867
ME2007A161,도시의 개발,대구혁신도시개발사업,1110664.004,1765679.257
ND2006B008,산업입지 및 산업단지,삼성SDI 공장용지 증설사업,1143787.106,1725705.72
ME2007C018,에너지개발,현대그린파워발전소 1~4호기 건설사업,929937.7705,1888403.838
ND2010B023,산업입지 및 산업단지,부산 명사일반산업단지 조성사업,1121330.038,1683796.835
HG2007A014,도시의 개발,화성 봉담2지구 택지개발사업,950776.3792,1914450.25
ME2007A189,도시의 개발,서울 신내3지구 국민임대주택단지 조성사업,965581.4463,1957437.424
ND2011B009,산업입지 및 산업단지,New PX 건설사업(재협의),1169317.574,1721997.479
ND2010B021,에너지개발,SK가스(주) 탱크터미널 조성사업,1170421.995,1722502.256
ME2008A085,도시의 개발,화성병점복합타운 도시개발사업,958405.0121,1911882.392
YS2008B005,산업입지 및 산업단지,신안 지도 농공단지 조성사업,878104.0957,1675819.739
GG2007D001,항만건설,현대제철 당진공장 원료부두 축조공사,929227.5904,1889127.434
HG2007B004,산업입지 및 산업단지,안성 개정일반지방산업단지,973176.0544,1884633.708
WJ2006D001,항만건설,묵호항 제2준설토투기장 축조,1142739.05,1949944.628
DG2009E001,도로의 건설,국가지원지방도 67호선(대구시계~고령개진) 건설공사,1075055.451,1743835.415
DG2009D001,항만건설,영일만 신항 북방파제(2-1단계) 연장공사(재협의),1175932.489,1791532.35
GG2009E003,도로의 건설,서산~창리간 지방도 확.포장공사,901594.3053,1856442.67
ME2009A002,도시의 개발,경인 아라뱃길(주운수로) 건설사업,929839.0949,1953177.423
DG2006E012,도로의 건설,영주 풍기~단산간 도로 확포장공사,1095602.976,1880660.415
JJ2008E001,도로의 건설,백제로 건설공사(2차구간),951525.9509,1782612.374
ME2003E015,도로의 건설,"동해고속도로(주문진~속초간) 건설사업 6,7공구",1091330.59,2021562.145
WJ2006C001,에너지개발,345kV 신충주 분기 송전선로 건설사업,1024216.332,1900765.848
DG2009E002,도로의 건설,테크노폴리스 진입도로 건설사업,1089538.177,1751421.595
JJ2006E001,도로의 건설,옥과-적성간 도로 확장공사,974198.8517,1704787.666
ME2006E006,도로의 건설,남해고속도로(서김해~사상간)확장사업,1123718.362,1688665.08
DG2007E004,도로의 건설,경주시관내 국도대체우회도로(상구-효현)건설공사,1149775.828,1762721.356
ME2009D001,항만건설,포항영일만항 외곽시설(2-2단계) 축조공사 환경영향평가,1175332.643,1788870.832
ND2003E009,도로의 건설,마산항 진입도로 건설공사,1098303.998,1685001.249
YS2007E009,도로의 건설,광양시 국도대체우회도로(중군~진정)건설공사,1018570.066,1664032.016
GG2006E001,도로의 건설,인주산단(1공구) 해안진입도로 개설공사 및 공유수면 매립사업,945378.7906,1876607.255
ND2007D004,항만건설,천성항 어항개발사업,1119883.503,1671120.028
YS2008E009,도로의 건설,조천우회도로(함덕~동복) 건설공사,925515.4029,1505673.808
DG2007E001,도로의 건설,영주시관내 국도대체우회도로(가흥~상망) 건설공사,1100607.182,1872144.803
HG2006E003,도로의 건설,불현~신장간 도로 확ㆍ포장공사,981872.2512,1894978.313
JJ2007E005,도로의 건설,옥구~회현간 도로 확포장공사,930747.1224,1767102.727
ND2007E006,도로의 건설,고성죽계~마산진전 국도건설공사,1078782.295,1673287.034
ME2007E011,도로의 건설,성덕다목적댐 이설도로 건설사업,1131332.509,1803901.635
ND2006E004,도로의 건설,국가지원지방도 30호선(동산-각남) 건설공사,1044974.922,1748388.416
HG2007E006,도로의 건설,아산영인~평택청북(2) 도로건설공사,953756.2586,1886547.296
HG2005E026,도로의 건설,월롱~광탄간 도로 확포장공사,940552.1079,1978621.619
JJ2008E002,도로의 건설,황산-금산사IC 도로 확포장공사,950823.142,1751482.044
WJ2007E002,도로의 건설,정선~북면 국도개량공사,1103779.297,1938519.299
WJ2008E001,도로의 건설,나전~진부 도로건설공사,1095468.543,1948375.06
JJ2007E001,도로의 건설,사매~갈마간 도로확장공사,985467.6115,1726208.297
ND2004E013,도로의 건설,국가지원지방도 30호선(동읍-봉강) 건설공사,1105439.173,1702595.588
JJ2007E004,도로의 건설,화양~소라 도로확장공사,1011482.995,1635591.835
HG2005E027,도로의 건설,김포 고촌~운양 고속화도로 건설공사,933012.6379,1959096.304
JJ2007E002,도로의 건설,부전~쌍치간 도로건설공사,948231.8555,1725499.403
ME2011E005,도로의 건설,경부고속도로(경주-언양) 확장,1151486.021,1744463.363
ND2007E007,도로의 건설,남하~가조간 도로공사,1044642.509,1741074.171
ND2007E001,도로의 건설,국도대체우회 도로(무계~삼계),1122106.006,1693857.139
ND2011E006,도로의 건설,북면-부곡 국도건설공사,1101230.221,1709531.819
ME2008E001,도로의 건설,행정도시~고속철도 오송역 도로건설공사,984279.5719,1843319.379
YS2007E003,도로의 건설,돌산~우두간 도로확장공사,1024083.284,1629851.764
DG2008E001,도로의 건설,감포~구룡포 국도건설공사,1180329.418,1758280.319
GG2006E003,도로의 건설,양지-중척간 도로 확포장공사,991560.8045,1829885.185
DG2006E009,도로의 건설,국도 31호선 이설사업,1177863.808,1748774.833
DG2005E013,도로의 건설,"어일~대본간우회도로(국도14호선,지방도929호선)공사(구.양북929번 지방도 우회도로 공사",1176663.5,1754088.524
GG2007E001,도로의 건설,오송생명과학단지 지원도로(오송2지구) 건설공사,987605.473,1850067.542
ND2007E005,도로의 건설,거기~용산간 군도 확포장 사업,1041809.616,1749445.205
ME2007E006,도로의 건설,제2경인 연결(안양~성남간) 고속도로 민자사업,956826.9232,1934712.418
JJ2010C001,에너지개발,345kV 군산-새만금 송전선로 건설사업,932756.367,1770171.569
YS2007E004,도로의 건설,여수 국가산단 진입도로 개설공사,1019154.68,1655633.747
HG2007E010,도로의 건설,아산 영인~평택 청북(1공구) 도로건설공사,956841.7941,1879432.65
HG2007E004,도로의 건설,"제2자유로 및 연결도로, 운정연결도로",936554.0492,1959808.427
HG2007E002,도로의 건설,남양주 진접지구 주변도로 건설사업,971552.4872,1965236.597
DG2007E005,도로의 건설,구미시 관내 국도대체 우회도로(구포-생곡),1077105.806,1797985.868
HG2007E008,도로의 건설,용인시(삼가~대촌) 국도대체우회도로 개설공사,970549.4854,1915460.202
HG2008E002,도로의 건설,시흥시 관내(하중~안산) 국도대체우회도로 건설공사,940663.9768,1931359.579
ME2006E002,도로의 건설,동해~삼척간 고속도로 건설사업,1144918.377,1940194.549
ME2008E006,도로의 건설,상주-영덕(상주-의성간)고속도로 건설사업,1085850.143,1823477.883
HG2008E003,도로의 건설,파주월롱첨단산업단지 진입도로 개설,935955.3302,1981656.859
DG2006E010,도로의 건설,포항 영일만신항 배후도로 건설사업,1169554.654,1790747.264
ME2006E001,도로의 건설,음성~충주간(노은~엄정간)고속도로건설,1029480.971,1894693.385
YS2008E013,도로의 건설,북부순환도로 개설공사,946169.0503,1690965.908
ME2009E001,도로의 건설,서해안고속도로(안산-일직간)확장사업,944357.1386,1930975.121
YS2008E011,도로의 건설,무안공항 진입도로 4차로 확ㆍ포장공사,900122.0645,1661490.441
HG2008E001,도로의 건설,평택 OO기지주변 가로망 정비사업,958548.8763,1884510.977
GG2008E001,도로의 건설,태안 만리포 ∼ 태안 도로건설공사,884009.1054,1863898.279
ME2008E011,도로의 건설,부산항신항 제2배후도로 민간투자사업,1116261.679,1687703.916
DG2007E002,도로의 건설,옹점~신기간도로 확포장공사,1139276.787,1833484.934
YS2008D004,항만건설,추자항 건설공사,889654.2207,1552754.874
ME2008E012,도로의 건설,울산~포항 고속도로 건설사업,1167043.647,1752183.125
ME2008A087,도로의 건설,수도권서부(수원-광명) 고속도로 민간투자사업,947365.5831,1928020.121
DG2010C002,에너지개발,345kV 동울산분기 송전선로 건설사업,1171654.543,1745510.057
YS2006E005,도로의 건설,"지도-임자 연륙,연도교 건설공사",875864.9946,1677642.5
YS2008E001,도로의 건설,담양~순창 도로확장공사 실시설계 용역,959492.4499,1705597.661
DG2010E003,도로의 건설,문경 지역연계도로(단산터널) 조성사업,1060408.287,1860567.983
DG2010E004,도로의 건설,예안 ~ 청기간 도로 확포장공사,1133335.998,1856442.895
HG2008E004,도로의 건설,도하-덕도간 도로 민간투자사업,954592.1338,1983177.686
JJ2007E003,도로의 건설,인계~쌍치 도로확장공사(본안),960382.5284,1717653.997
ME2007E004,도로의 건설,평택~시흥 민자고속도로사업,937193.2426,1912339.916
ND2006C001,에너지개발,345kV 신김해~신녹산 송전선로 건설사업,1118855.034,1685879.986
ME2008E009,도로의 건설,충주-제천(산척-청풍간)고속도로사업,1050202.599,1896394.912
JJ2010E002,도로의 건설,고창-내장IC간 지방도 확포장 공사,932032.7502,1722393.308
ND2010E003,도로의 건설,초전-대곡간 4차로 확·포장공사,1058652.403,1694925.602
DG2010E001,도로의 건설,오천~장기간 도로 4차로 확포장공사,1177557.135,1773477.068
WJ2009E001,도로의 건설,반곡-남산 도로건설공사,1016847.774,1968092.275
GG2010E001,도로의 건설,보령~태안 도로건설공사,906209.8944,1818477.635
GG2010E002,도로의 건설,도청이전 신도시 진입도로,931717.3206,1851533.803
ND2010E004,도로의 건설,동호-남산간 군도 확포장공사,1038922.26,1754676.245
GG2010E003,도로의 건설,산성~무성간 오로 확포장공사(간이평가),1007860.052,1848511.119
HG2010E004,도로의 건설,동서진입도로 및 국도 77호선 건설사업,938596.0304,1917578.394
ME2010C011,에너지개발,포천복합화력발전소건설사업,970444.8887,1997643.236
ND2008E001,도로의 건설,대도시권 교통혼잡도로(옥동-농소),1164648.224,1738170.96
ND2009E002,도로의 건설,국가지원지방도 60호선(함안칠북~창원북면) 건설공사,1096703.138,1706056.1
ND2010E002,도로의 건설,삼장-산청 국도건설공사,1032190.932,1711121.201
ND2005E012,도로의 건설,고제~무풍 국도건설공사,1029878.459,1762944.093
YS2007E006,도로의 건설,갈사만 진입도로 3호선 개설공사,1028590.606,1663908.637
ME2008E005,도로의 건설,춘천~양양간 고속도로(인제~양양간) 건설사업,1084604.43,1998534.531
YS2008E007,도로의 건설,강진~마량 도로확장공사,935485.1607,1616650.629
YS2008E008,도로의 건설,남평~앵남 국가지원지방도 건설공사,943130.3622,1673289.164
HG2009E001,도로의 건설,한탄강홍수조절댐 이설도로,975249.3043,2009977.323
JJ2010E004,도로의 건설,아산-선운사간 군도 확포장공사,918906.4129,1721584.456
ND2011E001,도로의 건설,국가지원지방도69호선(대동~매리) 건설공사,1134448.956,1698090.823
ME2012E011,도로의 건설,대구순환고속도로 건설사업,1099183.419,1770676.308
ND2008C002,에너지개발,765kV신고리-북경남 송전선로 건설사업(1단계),1155490.151,1704978.489
DG2007C001,에너지개발,345㎸북경남 분기 송전선로 건설사업,1098465.598,1742491.59
DG2015E001,도로의 건설,삼자현터널 국도건설공사,1138332.213,1813097.528
YS2014E001,도로의 건설,장평~이양간 지방도 확포장공사,952958.0626,1648929.473
YS2014E004,도로의 건설,과역~남양간 지방도 확포장공사,989279.8987,1636705.407
DG2014E001,도로의 건설,증산-가천간 도로 확포장공사,1052325.584,1762571.338
YS2015M001,도로의 건설,무안 해안관광일주도로 노을길 조성사업,897248.752,1670384.189
ND2014E004,도로의 건설,국가지원지방도60호선(쌍백~봉수) 건설공사,1062619.115,1718944.346
HG2015E001,도로의 건설,와부~설악 도로건설공사,986815.0397,1959790.322
DG2014E003,도로의 건설,안동~영덕 국도건설공사,1138968.855,1836025.347
WJ2014E002,도로의 건설,진부역 진입도로공사,1097489.912,1962058.947
GG2015E001,도로의 건설,남일-보은(제2공구) 도로건설공사,1013665.161,1831134.929
HG2014E008,도로의 건설,오남-수동 도로건설공사,978683.271,1966641.821
ND2013E001,도로의 건설,고성-통영 국도건설공사,1083857.571,1663004.068
WJ2015E004,도로의 건설,지방도463호 문혜~자등간 도로확포장공사,989177.3999,2019914.019
HG2015E002,도로의 건설,수원외곽순환(북부)도로 민간투자사업,952958.0626,1648929.473
ME2016E001,도로의 건설,봉담~송산 고속도로 민간투자사업,944208.2769,1910916.429
GG2016E001,도로의 건설,청양~신양IC 도로건설공사,940864.5825,1835987.789
ME2016E004,도로의 건설,국지도84호선(길상~선원) 도로개설공사,910577.5793,1965157.223
GG2009E002,도로의 건설,보령 화산~청양 청양 도로건설공사,929162.9956,1825242.473
DG2011E003,도로의 건설,울릉도 일주도로 건설공사,1301408.928,1952734.133
JJ2011E001,도로의 건설,익산일반산업단지 진입도로 개설공사,957722.1239,1788646.887
DG2012E005,도로의 건설,구미국가 제5산업단지 진입도로 개설공사(1공구),1079691.404,1798427.769
DG2013E001,도로의 건설,흥해우회 국도건설공사,1165421.459,1792562.641
WJ2013E007,도로의 건설,둔내~무이1외 1개소 도로건설공사,1065714.838,1951024.623
WJ2013E008,도로의 건설,무이~장평외 1개소 도로건설공사,1080748.546,1956105.24
GG2013E001,도로의 건설,아산신도시 해제지역 연계교통망,962653.2786,1867335.457
WJ2013E001,도로의 건설,괴산~음성 도로건설공사,1019575.293,1875439.433
WJ2013E004,도로의 건설,충청내륙고속화(제3공구) 도로건설공사,1030698.28,1885864.666
WJ2013E006,도로의 건설,충청내륙고속화(제2공구) 도로건설공사,1022177.079,1881856.83
DG2013E002,도로의 건설,김천시 국도대체우회도로(옥률-대룡) 건설공사,1052535.111,1795318.923
HG2014E005,도로의 건설,팔탄우회도로 연장노선 건설사업,946960.7651,1895108.939
ME2013E001,도로의 건설,광명-서울고속도로 민간투자사업,940829.3926,1944244.868
ND2014E003,도로의 건설,국가지원지방도60호선(매리~양산) 건설공사,1135511.37,1706517.378
JJ2014E001,도로의 건설,줄포만 해안체험 탐방도로 개설공사,922303.729,1733313.415
HG2014E002,도로의 건설,시도13호선 도로 확포장공사,941083.4427,1907572.664
YS2013E001,도로의 건설,중군~진상 도로건설공사,1017702.492,1666170.816
GG2013E003,도로의 건설,보령~부여 도로건설공사,931641.1724,1809682.863
ND2013E002,도로의 건설,주상~한기리 국도건설공사,1039041.328,1759927.519
HG2014E001,도로의 건설,영흥 보행자 및 자전거도로 개설사업,910052.7669,1918378.424
YS2014E003,도로의 건설,법성-홍농 도로건설공사,904859.0556,1710013.758
HG2014E003,도로의 건설,강화해안순환도로(2공구) 개설공사,909562.7632,1978048.208
ME2013E002,도로의 건설,대구순환고속도로(성서-지천) 건설사업,1087914.893,1764538.085
YS2013E004,도로의 건설,신흥~용동간 지방도 확포장 공사,969500.5153,1623415.596
WJ2014E001,도로의 건설,관동별곡 800리길 역사체험탐방로 조성사업,1086550.24,2043487.816
GG2014E001,도로의 건설,오송-청주공항 도로건설공사,986790.7375,1848182.556
ND2014E001,도로의 건설,무안-내이간 도로 확포장공사,1107591.76,1722088.174
WJ2013E005,도로의 건설,충청내륙고속화(제1공구) 도로건설공사,1011145.47,1870096.499
ME2012E005,도로의 건설,함양-울산고속도로(창녕-밀양간)건설사업(재협의),1092377.068,1719198.658
ME2012E009,도로의 건설,당진-천안(아산-천안)고속도로 건설사업,961746.7684,1865298.262
GG2015E002,도로의 건설,영동~보은 도로건설공사,1025183.287,1815339.054
GG2015E003,도로의 건설,천안시 국도대체우회도로(서북~성거)건설공사,970727.8197,1874425.088
ME2015E001,도로의 건설,새만금 동서 2축 도로건설공사,915998.3996,1760042.973
YS2015E001,도로의 건설,영암ㆍ해남 관광레저형 기업도시 진입도로 개설공사,904922.833,1635268.904
DG2015E002,도로의 건설,국가지원지방도28호선(단산~부석사)건설공사,1102331.85,1888997.81
WJ2015E001,도로의 건설,국도42호선 원주~새말 도로건설공사,1045557.973,1935766.711
DG2014E002,도로의 건설,경주시 국도대체우회도로(상구-효현) 건설공사,1149542.695,1762086.918
ND2016E001,도로의 건설,국가지원지방도 60호선(칠북~북면) 건설공사(재협의),1096033.825,1706073.579
JJ2006E003,도로의 건설,금구-김제간 도로확포장공사,951414.4283,1754739.619
HG2007E003,도로의 건설,지방도 358호선(김포~관산간) 도로개설,931641.3787,1967303.305
YS2006E008,도로의 건설,덕례~용강 도로 확포장공사,1006980.18,1662840.206
YS2008E004,도로의 건설,하남산단 외곽도로 건설공사,935726.5423,1688961.473
DG2009E003,도로의 건설,영천~삼창 국도건설공사,1127492.907,1782880.374
HG2009E002,도로의 건설,덕송~내각 고속화도로 민간투자사업,967935.8642,1965287.445
ME2009E002,도로의 건설,구리~포천 고속도로 민간투자사업(본안+변경:소흘JCT형식변경 및 휴게소 위치변경),968026.578,1972754.817
DG2011E001,도로의 건설,경주 양남~경주 감포 국도건설공사,1178642.178,1750184.012
ME2011E007,도로의 건설,서해안고속도로(평택-서평택) 확장사업,944316.7483,1890376.253
ND2013E003,도로의 건설,황매산연결도로 확포장공사,1053297.319,1719775.722
DG2012E003,도로의 건설,도청이전지(예천방향) 진입도로 개설공사,1086098.262,1846743.514
WJ2015E002,도로의 건설,국지도70호선 대곡~반곡 도로건설공사,1013774.175,1962617.981
HG2014E007,도로의 건설,서부간선 지하도로 민간투자사업,945208.2453,1945494.311
DG2016E001,도로의 건설,한기리-교리 국도건설공사,1043861.22,1771320.558
HG2006A001,도시의 개발,가락시영아파트 주택재건축정비사업,965257.2237,1944347.468
HG2006A002,도시의 개발,평택 소사벌지구 택지개발사업,965414.0485,1889638.482
HG2007A006,도시의 개발,군포 송정 국민임대주택단지 조성사업,948733.6865,1924295.814
ME2004A010,도시의 개발,고양 일산덕이구역 도시개발사업,934144.4447,1966922.169
HG2006A004,도시의 개발,화성향남2지구 택지개발사업,947473.3581,1901499.076
DG2008A001,도시의 개발,구미 교리2지구 도시개발사업,1072379.653,1805765.137
HG2007A012,도시의 개발,문정 도시개발사업,966268.8616,1942841.669
HG2008A003,도시의 개발,마곡도시개발사업,940731.0897,1951898.97
ME2009A009,도시의 개발,청원현도 보금자리주택지구 조성사업(청원현도 국민임대주택단지 조성사업),993461.5979,1831299.399
HG2008A010,도시의 개발,평택 용죽 도시개발사업,966588.2413,1888673.362
HG2009A010,도시의 개발,송도 대우자동차판매㈜부지 도시개발사업,924344.7149,1935315.081
HG2006A010,도시의 개발,양주광석지구 택지개발사업,953530.1797,1980288.699
HG2009A012,도시의 개발,용인 구갈역세권 도시개발사업,966094.6717,1919420.318
JJ2009A001,도시의 개발,전주만성 도시개발사업,961730.0397,1760958.677
ME2008A083,도시의 개발,인천검단신도시 택지개발사업,929045.2448,1955674.311
DG2010A001,도시의 개발,포항 초곡지구 도시개발사업,1165205.795,1790271.282
ME2009A045,도시의 개발,고양향동지구 택지개발사업,946347.2046,1955840.702
ME2009B004,산업입지 및 산업단지,포항블루밸리 개발사업,1179636.728,1775512.387
GG2008B003,산업입지 및 산업단지,아산테크노밸리 조성사업(재협의),960828.832,1880479.211
ME2007A125,도시의 개발,경남진주 혁신도시 개발사업,1058427.427,1686830.866
ME2008A088,도시의 개발,울산다운2 보금자리주택지구 조성사업,1160583.763,1733513.966
DG2007B001,산업입지 및 산업단지,포항 영일만항 배후 2일반지방산업단지 조성사업,1172129.904,1792643.286
HG2009B006,산업입지 및 산업단지,평택 브레인시티 첨단복합산업단지 조성사업,964055.6346,1894499.89
ME2009A037,도시의 개발,영동 황간물류단지 조성사업,1035961.63,1802053.646
ME2008A086,도시의 개발,김해복합스포츠시설 조성사업,1113049.803,1693947.835
JJ2003A004,도시의 개발,익산왕궁온천 도시개발사업,960166.5043,1770105.308
YS2008B003,산업입지 및 산업단지,광양 신금일반산업단지 조성사업,1020083.802,1664478.021
ME2009A011,도시의 개발,고양원흥 보금자리주택지구,944451.1703,1959306.051
WJ2007B002,산업입지 및 산업단지,제천 제2지방산업단지 조성사업,1057906.005,1905783.714
GG2009B002,산업입지 및 산업단지,옥산산업단지 조성사업,988677.7339,1855512.21
HG2009A001,도시의 개발,평택 수촌지구 주택건설사업,965314.9656,1891446.962
ME2006B001,산업입지 및 산업단지,연천백학지방산업단지 조성사업,949253.4417,2002046.361
ME2008C007,에너지개발,"당진화력 9,10호기 건설사업",910993.6327,1895538.701
GG2006B004,산업입지 및 산업단지,대산일반지방산업단지 조성사업,901630.5333,1890105.515
YS2008B007,산업입지 및 산업단지,강진 성전일반산업단지조성,930194.669,1631932.611
GG2006E002,도로의 건설,시도10호선(부송-양당) 도로확포장공사,965905.0845,1874947.725
ME2009A006,도시의 개발,의정부고산 국민임대주택단지,965751.598,1970564.471
YS2007B004,산업입지 및 산업단지,동화 전자종합 농공단지 조성사업,929892.8379,1697872.76
ND2007B001,산업입지 및 산업단지,함양일반지방산업단지 조성사업,1026774.856,1727804.602
ND2008B021,산업입지 및 산업단지,서리농공단지 조성사업,1092636.419,1718358.884
ME2009B003,산업입지 및 산업단지,빛그린 산업단지 개발사업,923832.1808,1687157.482
ND2009B025,산업입지 및 산업단지,마산시 석곡일반산업단지계획,1096188.619,1680572.856
HG2007A019,도시의 개발,도화구역 도시개발사업,925827.5027,1941822.959
ND2006A005,도시의 개발,감계지구 도시개발사업,1099224.462,1701163.829
ND2007B008,산업입지 및 산업단지,김해일반지방산업단지 조성사업,1120983.946,1692009.414
ND2005A002,도시의 개발,김해 진영2지구 택지개발사업,1112170.141,1702410.966
GG2008B013,산업입지 및 산업단지,서산2일반산업단지 조성사업,909360.8424,1874257.316
GG2011B008,산업입지 및 산업단지,연기세종테크노밸리 일반산업단지 조성사업,970487.6877,1846234.23
ME2006D001,항만건설,중.저준위 방사성폐기물 처분시설관련 항만시설공사(울진),1167222.672,1902056.108
YS2009B001,산업입지 및 산업단지,현대삼호중공업 서측부지 조성공사,895852.8434,1639273.229
HG2008A007,도시의 개발,인천한들지구 택지개발사업,926772.7977,1953729.696
ND2009B006,산업입지 및 산업단지,월평일반산업단지 조성사업,1077089.772,1660987.539
DG2007D002,항만건설,포항구항 어선부두 배후부거 조성사업,1169147.491,1784873.884
ND2007B006,산업입지 및 산업단지,고성조선산업특구조성사업(내산지구),1089236.924,1673344.72
ME2008D004,항만건설,웅동지구 1단계 항만배후단지 조성사업,1116060.997,1678045
ND2008A008,도시의 개발,김해진례시례지구 도시개발사업,1112340.973,1696536.958
HG2007A010,도시의 개발,양주신도시(옥정지구) 택지개발사업,963833.5025,1980652.965
ME2008C002,에너지개발,현대제철 기력발전설비 신설사업,928410.2702,1888034.538
YS2006B002,산업입지 및 산업단지,진도군내 지방산업단지 조성사업,887306.4855,1621645.385
ME2007A162,도시의 개발,완주삼봉 국민임대주택단지 조성사업,965627.1942,1769548.901
GG2010B010,산업입지 및 산업단지,예산 신소재일반산업단지,928569.021,1866874.251
GG2008A006,도시의 개발,남대전종합물류단지 개발사업,997205.681,1808317.276
YS2009A001,도시의 개발,나주 남평지구 도시개발사업,940794.0241,1671978.074
ME2007A203,도시의 개발,양산 사송지구 택지개발사업,1142840.452,1703018.664
ND2007D003,항만건설,울산신항(1-2단계)남항부두 축조공사,1169578.839,1717564.932
ME2007C009,에너지개발,"GS부곡 LNG복합화력발전소 3,4호기 건설사업",936035.8782,1884400.13
ND2007B010,산업입지 및 산업단지,정촌 일반지방산업단지 조성사업,1054936.173,1681081.706
ND2008D001,항만건설,진해항철재전용부두 축조공사,1109233.552,1681326.773
JJ2006D002,항만건설,군장항 항로 준설사업,915218.6473,1776278.631
GG2008B011,산업입지 및 산업단지,정안2농공단지 조성사업,966795.3681,1846969.68
ME2007A190,도시의 개발,대구 연경지구 택지개발사업,1101371.678,1772405.348
DG2008A003,도시의 개발,대구한의대학교 확장사업,1115301.788,1756197.183
DG2007B004,산업입지 및 산업단지,성서5차 지방산업단지 조성사업,1087537.172,1764611.188
ME2007A180,도시의 개발,광주ㆍ전남공동 혁신도시 개발사업,935145.6023,1669501.836
ND2008A001,도시의 개발,울산하늘공원 조성사업,1148004.302,1721121.964
ME2008B001,산업입지 및 산업단지,경주 외동 문산일반산업단지 조성사업,1164621.745,1742711.782
ND2008A006,도시의 개발,진주 평거4지구 도시개발사업,1049947.761,1685725.006
YS2007B006,산업입지 및 산업단지,해남 화원지방산업단지 조성사업,892440.9827,1638908.062
WJ2008B009,산업입지 및 산업단지,괴산 건축자재 특화산업단지 조성사업,1028192.238,1869421.333
HG2005D002,항만건설,평택(당진)항 모래부두축조 및 부지조성공사(재협의),937200.4766,1890655.085
ME2007A196,도시의 개발,고양 삼송지구 택지개발사업,946144.2097,1961830.719
ND2007D002,항만건설,지세포 다기능어항 개발사업,1110093.088,1649692.172
ME2007A166,도시의 개발,울산국립대학 건설사업,1153073.134,1731935.716
WJ2008B001,산업입지 및 산업단지,대포 제2농공단지 조성사업,1095990.159,2019788.729
YS2006D004,항만건설,국동항 다기능 어항 개발사업,1020305.607,1637050.978
WJ2008B002,산업입지 및 산업단지,아세아시멘트(주)부지확장 사업,1071218.136,1912206.253
GG2008A008,도시의 개발,충남도청이전신도시개발사업,926337.1586,1851056.5
WJ2008B006,산업입지 및 산업단지,원주 문막반계일반산업단지 조성사업,1026770.927,1922227.843
ND2011B007,산업입지 및 산업단지,창원철강일반산업단지,1099002.171,1703661.824
ME2011C005,에너지개발,동해바이오매스발전소건설사업(초안),1145420.713,1944179.898
ND2006B007,산업입지 및 산업단지,사포일반지방산업단지 조성사업,1112060.117,1719640.212
ND2007B014,산업입지 및 산업단지,밀양제대농공단지 조성사업,1111098.846,1721642.885
ME2007A176,도시의 개발,공주월송지구 국민임대주택단지 조성사업,968888.6546,1831031.324
HG2007A008,도시의 개발,한국국제전시장 2단계부지 조성사업,933037.176,1963052.478
ND2005C002,에너지개발,765㎸ 북경남변전소 건설사업,1095407.73,1735836.707
ND2007A008,도시의 개발,부산시민공원 조성사업,1141830.779,1687026.727
ME2007A124,도시의 개발,충북 진천·음성 혁신도시 개발사업,1003700.703,1878727.315
DG2006D001,항만건설,포항구항 호안 조성사업,1168726.063,1784489.224
GG2008A005,도시의 개발,청주 방서지구 도시개발사업,1000073.292,1844929.858
ME2007A215,도시의 개발,전북 전주.완주 혁신도시 개발사업(재협의),959253.1908,1759592.224
ND2007A004,도시의 개발,진주 초장 1지구 도시개발사업,1055515.701,1690930.308
ME2007A181,도시의 개발,전북 혁신도시 개발사업,959084.5484,1759675.654
WJ2008B007,산업입지 및 산업단지,괴산 감물 가구 산업단지 조성사업,1034280.948,1871302.717
ND2008B025,산업입지 및 산업단지,대독일반산업단지,1073775.635,1663650.95
GG2010B009,산업입지 및 산업단지,대덕연구개발특구 2단계(문지지구),991715.2898,1821751.075
WJ2006B001,산업입지 및 산업단지,단양 신소재 지방산업단지 조성사업,1071857.32,1891015.652
ND2007B007,산업입지 및 산업단지,고성조선산업특구 조성사업(장좌지구),1088077.934,1666830.427
ME2007A200,도시의 개발,시흥목감지구 택지개발사업,942820.4315,1931012.82
ND2008A004,도시의 개발,경부고속철도 울산역 역세권개발사업,1148278.688,1729769.362
WJ2008D001,항만건설,"지방어항(가진, 오호, 동산, 영진) 건설사업",1101989.957,2015378.423
ME2005D006,항만건설,광양항 3-3단계 컨테이너부두 민간투자사업,1011897.216,1655649.05
HG2007A005,도시의 개발,호계매곡지구 도시개발사업,1168612.872,1739079.14
YS2006D008,항만건설,함평항 개발 및 항로준설,897059.2445,1684393.291
ME2007C012,에너지개발,"하동화력 7, 8호기 건설사업(재협의)",1029233.629,1662558.116
JJ2008B006,산업입지 및 산업단지,남원 노암제2농공단지 조성사업,988523.8054,1710031.27
WJ2009B001,산업입지 및 산업단지,춘천 전력IT 산업단지 조성사업,1011113.169,1974238.884
ND2008Q003,도로의 건설,"2007년도 의령군 하천골재채취예정지 지정(지정,낙서지구)",1083613.421,1718239.369
ME2008A076,도시의 개발,서귀포강정 택지개발사업,907088.7461,1473964.384
DG2007D001,항만건설,기성항 건설사업,1174777.693,1868966.899
DG2007B003,산업입지 및 산업단지,영천 일반산업단지 조성사업,1130794.582,1769383.756
JJ2007B003,산업입지 및 산업단지,정읍첨단과학산업단지,940389.9452,1723576.077
ME2007A179,도시의 개발,강원 혁신도시 개발사업,1042855.084,1925512.993
ME2008D003,항만건설,남양항 어항시설사업,1294668.897,1946499.996
ME2007C008,에너지개발,군산복합화력발전소 건설사업,930700.9419,1776602.263
JJ2008B001,산업입지 및 산업단지,신재생에너지 테마파크 조성사업,918600.4564,1746747.011
ND2012B016,산업입지 및 산업단지,칠북 영동일반산업단지 조성사업,1094236.5,1703975.253
YS2008D001,항만건설,녹동항 정비공사,966109.3233,1614827.837
DG2008D001,항만건설,울진군 죽변면 봉평지구 연안정비사업,1170296.938,1895520.864
ME2007A202,도시의 개발,부산동삼 혁신도시 개발사업,1143917.86,1676873.284
YS2011B001,산업입지 및 산업단지,여수 묘도 녹색산업단지(일반) 조성사업,1017934.07,1654229.694
HG2008B002,산업입지 및 산업단지,용인 덕성일반산업단지,974139.83,1908232.376
ME2007A191,도시의 개발,인천가정지구 택지개발사업,926315.1648,1947948.505
DG2008C002,에너지개발,김천 쏠라플랜트 건설사업,1051545.344,1804528.573
ME2010C007,에너지개발,"현대그린파워 5,6호기 발전소 건설사업",930065.3485,1888341.581
ND2007B012,산업입지 및 산업단지,한내 조선특화 농공단지 조성사업,1100150.951,1660410.135
WJ2007A005,도시의 개발,충주호암지구 택지개발사업,1038520.251,1884021.952
HG2008A002,도시의 개발,용인 중동(동진원) 도시개발사업,968540.2141,1920539.98
WJ2011B005,산업입지 및 산업단지,괴산 첨단산업단지 조성사업,1012821.961,1865613.544
HG2012A001,도시의 개발,검단3구역 도시개발사업,924920.8892,1955278.489
HG2012A002,도시의 개발,평택 동삭2지구 도시개발사업,964588.797,1891153.216
HG2012B001,산업입지 및 산업단지,군포 부곡첨단산업단지 조성사업,950473.7742,1925435.314
HG2012B002,산업입지 및 산업단지,김포 학운3일반산업단지 조성사업,920802.9992,1957119.323
ND2006A006,도시의 개발,창원 무동지구 도시개발사업,1098367.671,1703091.66
GG2008A011,도시의 개발,아산 모종·풍기지구 도시개발사업,957344.1375,1864684.657
ME2011C016,에너지개발,대구혁신도시 집단에너지사업,1108788.177,1765747.46
YS2008B006,산업입지 및 산업단지,광양 익신일반산업단지 조성사업,1009622.938,1661952.434
DG2011B006,산업입지 및 산업단지,영덕 제2농공단지 조성사업,1170995.045,1829949.609
YS2012B012,산업입지 및 산업단지,강진 칠량2농공단지 조성사업,934777.473,1622034.619
HG2008A009,도시의 개발,용인 남사(아곡) 도시개발사업,970875.1056,1906410.872
YS2011B003,산업입지 및 산업단지,페로니켈공장 건설사업(증설)-재협의,1024665.081,1657993.866
YS2011D002,항만건설,목포신항 준설토 투기장 조성사업,895265.0263,1642172.133
YS2011D005,항만건설,목포신항 소형어선 접안시설,896460.23,1640003.706
YS2011D006,항만건설,광양항 원료부두 #7선석 및 전천후부두 신설사업,1020474.3,1657089.537
HG2008Z001,도시의 개발,경원대학교 확장사업,967588.7027,1939597.738
HG2008D001,항만건설,아암물류2단지(제3투기장) 부지조성사업,922212.4713,1936184.021
ND2008B003,산업입지 및 산업단지,한내지구 조선기자재 공장 증설사업(재협의),1099875.21,1660963.466
GG2009B004,산업입지 및 산업단지,예당일반산업단지,930748.1159,1863403.854
HG2007A013,도시의 개발,기흥호수공원 조성사업,964244.008,1915453.23
ND2008B027,산업입지 및 산업단지,상리일반산업단지 조성사업,1066708.861,1665641.338
YS2012B014,산업입지 및 산업단지,광양국가산업단지 명당3지구,1023719.303,1662449.471
YS2012B013,산업입지 및 산업단지,동함평 일반산업단지 조성사업,913206.6126,1674476.032
ME2010D001,항만건설,영산강 하구둑 구조개선사업,906421.6367,1639235.157
HG2010D005,항만건설,고온항(어촌정주어항) 정비사업,933118.2027,1893205.18
ND2008B001,산업입지 및 산업단지,창원일반지방산업단지 조성사업,1109178.276,1704959.859
HG2010D007,항만건설,전곡 다기능항 개발사업,924830.944,1910251.599
GG2008A012,도시의 개발,대전역세권재정비촉진계획수립,994235.1731,1815137.329
YS2011B002,산업입지 및 산업단지,함평 해보농공단지 조성사업,918479.4148,1686141.01
YS2011D001,항만건설,광양항 배수로 정비사업,1014703.936,1657979.432
ME2007C020,에너지개발,영흥화력 5~6호기 건설사업,905465.3265,1917413.05
ND2007B004,산업입지 및 산업단지,안정국가산업단지 개발사업(재협의),1085448.803,1663779.431
ND2007A005,도시의 개발,감만1구역 주택재개발 정비사업,1144283.577,1681192.573
ME2008B003,산업입지 및 산업단지,오산 가장2 일반산업단지,958404.1201,1907574.627
HG2008A006,도시의 개발,오산 세교2지구 택지개발사업,960032.9387,1905752.861
GG2007A004,도시의 개발,당진 대덕수청지구 도시개발사업,923577.1548,1876670.765
HG2008A008,도시의 개발,김포 감정1지구 도시개발사업,927468.6495,1959723.878
HG2010B008,산업입지 및 산업단지,평택 신재생일반산업단지 개발사업(평택시 율북리),953114.6864,1895868.298
HG2010B009,산업입지 및 산업단지,평택 Kdb Utoplex(이주기업 일반산업단지),964456.5048,1898693.438
HG2010D001,항만건설,경인 아라뱃길 접근항로 개설 및 항만부지호안 조성사업,919803.5681,1949618.268
ME2007C015,에너지개발,영월 복합화력발전소 건설사업,1087980.307,1907631.341
ND2006D001,항만건설,대변항 다기능어항 개발사업,1157584.641,1693189.751
HG2008A014,도시의 개발,평택 영신지구 도시개발사업,962841.6736,1891376.168
HG2008A015,도시의 개발,의정부 경기북부 광역행정타운 1.2구역 도시개발사업,961792.7703,1972841.455
YS2008A006,도시의 개발,노형2지구 도시개발사업,904943.1733,1499328.082
HG2007A007,도시의 개발,동춘1구역 도시개발사업,925498.2978,1934552.723
JJ2008B003,산업입지 및 산업단지,익산종합의료과학산업단지,951125.7155,1781833.794
YS2010Z001,산업입지 및 산업단지,광양 합성천연가스(SNG) 플랜트 건설사업,1024762.969,1655460.777
HG2010B007,산업입지 및 산업단지,김포 한강시네폴리스 일반산업단지,932349.5963,1959390.243
ND2007A006,도시의 개발,진주시 하수종말처리시설 3단계 증설사업,1056810.306,1690130.061
WJ2007A002,도시의 개발,원주 대명농원 도시개발사업,1036544.681,1928913.764
ME2007A126,도시의 개발,군포 복합화물터미널 확장 민간투자사업 재협의,950268.1522,1926178.491
ND2010A004,도시의 개발,양산주진·흥등지구 도시개발사업,1149699.719,1712611.345
DG2008B001,산업입지 및 산업단지,문경시 영순제2농공단지조성사업,1065997.737,1840675.887
WJ2008B003,산업입지 및 산업단지,춘천 도시첨단문화산업단지 조성사업,1016720.292,1988023.975
HG2008A011,도시의 개발,고양 풍동(2)지구 택지개발사업,938161.0937,1963475.741
HG2008A012,도시의 개발,김포 풍무5지구 도시개발사업,931657.3933,1956029.563
HG2008A013,도시의 개발,루원시티 도시개발사업(인천 가정오거리),927318.5164,1947495.581
ND2008B008,산업입지 및 산업단지,거창 일반지방산업단지 조성사업,1038965.301,1739854.776
GG2010Z002,산업입지 및 산업단지,선진정공(주) 공장부지 증설,937058.2275,1877147.847
ND2011D001,항만건설,감천항 정온도향상 외곽시설 설치공사,1137578.173,1673710.954
ND2011D008,항만건설,학리항 정비계획,1158853.489,1697459.108
GG2012A005,도시의 개발,공주 소방방재 연구단지 건립공사,960244.2483,1836299.471
GG2012B002,산업입지 및 산업단지,진천 구산리 롯데알미늄(주) 진천공장,1001545.954,1874995.567
GG2012B003,산업입지 및 산업단지,천안 동부바이오 일반산업단지,986274.2868,1863824.01
YS2012D001,항만건설,창유항 건설사업,866804.3809,1591161.46
GG2009B006,산업입지 및 산업단지,가산일반산업단지,971123.868,1839218.215
ME2008C001,에너지개발,현대제철 기력발전설비 신설사업,928414.5942,1888030.936
GG2012B005,산업입지 및 산업단지,아산 음봉디지털산업단지 조성사업,958779.0489,1874484.718
GG2012I001,하천의 이용 및 개발,논산천 탑정지구 등 2개지구 하천환경정비공사,964937.1707,1800558.742
GG2012I004,하천의 이용 및 개발,무한천 신창지구 등 3개지구 하천환경정비공사,940601.3226,1859965.043
ND2008B006,산업입지 및 산업단지,실크ㆍ생물산업전문농공단지 조성사업,1060746.831,1684913.198
DG2008B002,산업입지 및 산업단지,경주 건천2일반산업단지 조성사업(재협의),1145293.059,1764857.658
ND2008B026,산업입지 및 산업단지,청포일반산업단지 조성사업,1091286.254,1656570.724
HG2011I003,하천의 이용 및 개발,"문산천 문산,월롱지구 하천환경정비사업",937703.6723,1980822.751
ME2007A216,도시의 개발,행정중심복합도시 수질복원센터,977362.1607,1829692.39
ME2007A217,도시의 개발,원주기업도시개발사업,1033448.607,1931062.928
WJ2011B001,산업입지 및 산업단지,강릉 주문진제2농공단지 조성사업,1116487.062,1986108.903
WJ2011B004,산업입지 및 산업단지,단양군 자원순환특화단지 조성사업,1075205.014,1893012.557
JJ2007D001,항만건설,군산항 자동차 전용부두(42선석) 축조공사,916516.0973,1775982.343
HG2006B004,산업입지 및 산업단지,화성동탄택지지구 도시지원시설용지내 도시형공장 조성사업,962116.7824,1913042.067
ND2008B002,산업입지 및 산업단지,진해국가산업단지 조성사업(재협의),1110383.592,1680217.569
ME2009A010,도시의 개발,대구대곡2 보금자리주택지구 조성사업(대구대곡2지구 국민임대주택단지 조성사업),1092938.037,1756619.584
GG2011B009,산업입지 및 산업단지,보은 첨단산업단지 조성사업,1020920.128,1825374.844
ME2011C003,에너지개발,광양제철소 CDQ 발전기 설치사업,1024603.258,1658577.49
GG2011D001,항만건설,"지방어항(고대도, 장고도) 개발사업",897303.2983,1822064.295
YS2009B004,산업입지 및 산업단지,제주용암해수 산업단지 개발사업,936408.7657,1505687.721
YS2009B006,산업입지 및 산업단지,진도 군내농공단지 조성사업,888572.8551,1620542.523
GG2012E001,도로의 건설,초정~미원간 도로확포장공사,1011593.649,1854399.872
HG2012C001,에너지개발,345kV 신가평~신포천 송전선로 건설사업(NO.119~141),983623.4721,1993153.256
ME2009A033,도시의 개발,2012여수세계박람회 조성사업,1022669.764,1639814.67
ME2009A039,도시의 개발,서울 내곡 보금자리주택지구 조성사업,960900.1996,1939344.876
ME2011A005,도시의 개발,전주효천지구 도시개발사업,964344.283,1755916.164
DG2012B007,산업입지 및 산업단지,안강 검단일반산업단지 조성사업,1153050.613,1771073.753
DG2012B009,산업입지 및 산업단지,구미국가3산단 내 LG디스플레이 공장부지확장,1081389.242,1789625.723
ND2010D004,항만건설,수산물 수출가공 선진화단지 건설사업,1137862.923,1674333.383
HG2011B002,산업입지 및 산업단지,시흥 매화일반상업단지 조성사업,939985.7488,1935156.051
HG2012E001,도로의 건설,포천~소흘간 도로 확포장공사,971802.8617,1984829.199
GG2010B002,산업입지 및 산업단지,산수산업단지,998487.7573,1877994.539
GG2010D001,항만건설,안흥항 정비사업,877804.7222,1854474.078
GG2011E003,도로의 건설,행정도시~대덕테크노밸리 도로건설공사,986741.2772,1829718.854
GG2011E005,도로의 건설,간월호 관광도로 건설공사,908341.5378,1859303.413
HG2011E001,도로의 건설,양평~양서간 폐철도활용 자전거도로개설공사,991304.688,1946746.67
HG2011E002,도로의 건설,"지방도 318호선 금당-선읍간 도로 확,포장 공사",1005588.669,1903346.066
ME2012E010,도로의 건설,옥산-오창고속도로 민간투자사업,990957.3809,1858477.084
ME2011C014,에너지개발,"태안화력 9, 10호기 건설사업",887229.5604,1879094.802
ME2011C018,에너지개발,"현대그린파워 발전소 7, 8호기 건설사업",930175.7547,1888367.832
ME2011C019,에너지개발,MPC 율촌 LNG 복합화력발전소(2호기),1008642.928,1657449.734
GG2012A001,도시의 개발,진천교성지구 도시개발사업,994287.5977,1871952.878
HG2011D001,항만건설,아산만 방조제 배수갑문 확장사업,947095.3937,1879279.329
ND2011A001,도시의 개발,동명대학교 실시계획변경인가,1146014.888,1681736.008
DG2012B008,산업입지 및 산업단지,예천 제2농공단지 조성사업,1088410.651,1852594.575
HG2010A008,도시의 개발,용현·학익 2-1블록 도시개발사업,924454.0148,1939243.317
HG2010A009,도시의 개발,평택 가재지구 도시개발사업,996033.6945,1977189.483
ND2008B016,산업입지 및 산업단지,창녕 대합일반산업단지 조성사업,1085014.896,1735981.341
ND2012E003,도로의 건설,산성터널 민간투자사업,1141653.406,1695199.454
ND2012I002,하천의 이용 및 개발,낙동강수계 반성지구 하천개수공사,1070076.706,1687161.503
ND2012I004,하천의 이용 및 개발,밀양강 가곡지구 하천환경정비사업 등 5개지구,1115326.609,1722123.949
YS2010E004,도로의 건설,고서~대덕 국가지원지방도 건설공사(간이),955907.991,1693392.616
DG2012B006,산업입지 및 산업단지,왜관3 일반산업단지 개발사업,1082865.474,1770678.208
YS2009B009,산업입지 및 산업단지,영광 대마일반산업단지 조성사업,915901.7839,1699088.03
ND2007B009,산업입지 및 산업단지,마동농공단지 조성사업,1081447.899,1664115.13
HG2012E007,도로의 건설,지방도338호선 도로 확포장공사,974615.7393,1936980.033
GG2009E004,도로의 건설,덕산~이월간 도로 확포장공사,998005.6477,1879083.781
HG2010B005,산업입지 및 산업단지,"포천 장자 일반산업단지조성사업(구,포천 신평3리 일반산업단지(포천 신북면 신평3리))",976320.8306,1995321.098
HG2012I001,하천의 이용 및 개발,복하천 다대ㆍ갈산지구 하천환경정비사업,999628.0056,1921998.376
HG2012I002,하천의 이용 및 개발,경안천 서하 ㆍ경안지구 하천환경정비사업,980411.4568,1935631.926
GG2011A002,도시의 개발,남서울대학교 부지증설사업,967780.1348,1878652.683
JJ2011A001,도시의 개발,군산 물류단지 조성사업,922289.8347,1772104.535
JJ2011I001,하천의 이용 및 개발,고부원평천 하도정비 공사,937822.3814,1747827.803
ME2012A002,도시의 개발,서울고덕강일 보금자리주택지구 조성사업,970778.5477,1951883.472
HG2011A003,도시의 개발,용현·학익 1블록 도시개발사업,924170.0844,1938177.641
HG2011A004,도시의 개발,하남시 지역현안사업부지 2지구,975001.7409,1949513.487
HG2011B001,산업입지 및 산업단지,파주 적성 일반산업단지 조성,948081.7798,1996811.706
HG2012D001,항만건설,2014 인천아시아경기대회 요트경기장(왕산마리나) 건설공사,898972.7601,1940321.079
GG2009B009,산업입지 및 산업단지,유구농공단지 지정(변경),952413.3767,1839174.539
GG2009I002,하천의 이용 및 개발,금강살리기 6·7공구(청남·공주지구) 사업,960748.0653,1822815.228
HG2009A003,도시의 개발,평택 신촌지구 주택건설사업,964901.3836,1891949.234
ME2011A002,도시의 개발,서울양원 보금자리주택지구 조성사업,965246.726,1956721.813
HG2009A011,도시의 개발,수원신동지구 도시개발사업,959562.7537,1916577.126
HG2009A013,도시의 개발,김포 풍무2지구 도시개발사업,931973.7318,1956991.302
HG2009B015,도시의 개발,안성원곡 물류단지 개발사업,970050.2132,1894257.63
HG2009C001,에너지개발,평택 LPG 수입기지 부탄 냉동탱크 증설,938465.0573,1890169.568
GG2011E002,도로의 건설,송산산업단지 진입도로 건설공사,927688.0766,1881517.615
GG2011E004,도로의 건설,행정도시~대덕테크노밸리 도로 건설공사(2구간),991585.4403,1825755.841
ND2012E001,도로의 건설,팔용터널 민간투자사업,1100289.694,1694231.4
DG2012B018,산업입지 및 산업단지,경주 문산2일반산업단지계획,1163765.74,1743162.351
GG2012A002,도시의 개발,경찰대학 지방이전 신축공사,951277.3896,1861206.763
GG2012A003,도시의 개발,한국기술교육대학교 증설사업 환경영향평가,980481.4949,1862791.87
HG2012E002,도로의 건설,비봉~매송 도시고속도로 민간투자사업,946849.5417,1915399.611
HG2012E003,도로의 건설,북한강 자전거길 우회노선 조성공사,986348.0329,1962124.031
GG2011A003,도시의 개발,보령시 명천지구 도시개발사업 재협의,919812.068,1815880.855
GG2011B006,산업입지 및 산업단지,당진1철강일반산업단지 개발사업,931032.5058,1887758.297
GG2011B007,산업입지 및 산업단지,청양스틸테크노일반산업단지 조성사업,942152.8553,1838998.071
ME2012E001,도로의 건설,함양-울산(밀양-울산간)고속도로 건설사업,1138410.39,1724935.509
ND2012E002,도로의 건설,산성터널 접속도로(금정측) 건설공사,1145544.312,1694745.263
ME2012D003,항만건설,돌산항 정비확장사업,1020406.356,1624419.005
ND2012B001,산업입지 및 산업단지,의령 대의일반산업단지 조성사업,1054998.807,1707559.865
HG2011A002,도시의 개발,용인 모현(왕산) 도시개발사업,978426.8165,1927423.364
HG2011I002,하천의 이용 및 개발,황구지천 하천환경 정비사업,955918.3426,1906619.877
ND2011A002,도시의 개발,사천 사주.용당지구 도시개발구역 지정,1052626.265,1675809.076
ND2011B013,산업입지 및 산업단지,진례송현일반산업단지,1116377.566,1694418.728
ND2011D003,항만건설,울산신항 북측안벽 축조공사,1169570.005,1719959.526
HG2012I006,하천의 이용 및 개발,한강수계(청미천 외 4개하천) 생태하천 복원사업,997183.4919,1899728.443
WJ2010E002,도로의 건설,북충주IC~가금 도로 건설공사,1028879.496,1892999.533
YS2010E001,도로의 건설,나주역~빛가람 도시간 도로개설공사(간이평가),931262.5026,1669406.533
HG2009E003,도로의 건설,진접-내촌 도로건설공사,974260.143,1971720.687
HG2011Z003,산업입지 및 산업단지,화성시 요당지구 제2종지구단위계획구역 공장용지 조성사업,950219.5207,1896263.387
ND2012B007,산업입지 및 산업단지,반룡일반산업단지 조성사업,1159476.16,1705605.206
ND2012B010,산업입지 및 산업단지,함안 군북 월촌일반산업단지 계획(변경),1073164.235,1699323.672
ND2012D001,항만건설,부산항 신항 서컨테이너부두 축조공사,1115902.275,1676209.963
ND2012D003,항만건설,부산항 감천항 일반부두 확장공사,1136713.953,1677244.699
ND2012D004,항만건설,울산항 남화물양장 축조공사,1171067.897,1721796.675
YS2012B004,산업입지 및 산업단지,고흥 도양일반산업단지 조성사업,969210.0829,1614801.863
ND2011E007,도로의 건설,합천-창녕 국도건설공사,1079360.202,1726979.346
ND2011L001,도로의 건설,고헌산(소호임도~외항재)임도신설공사,1143652.596,1740572.811
YS2009E005,도로의 건설,염산~백수 도로건설공사,893922.3131,1694698.206
ME2011C020,에너지개발,북평화력발전소 건설사업,1145701.529,1943474.079
YS2010E003,도로의 건설,압해~암태 도로건설공사,880956.3059,1652495.965
HG2012E004,하천의 이용 및 개발,가평군 북한강 자전거길 조성공사,997900.6044,1976855.42
HG2012E005,도로의 건설,국지도84호선(중리~천리)개설공사,970284.6314,1911198.373
HG2009I002,하천의 이용 및 개발,공릉천 생태하천 조성사업,935121.3941,1972540.225
ND2009E003,도로의 건설,울산대교 및 접속도로 민간투자사업,1172169.372,1725651.054
HG2012B004,산업입지 및 산업단지,진위2 일반산업단지 조성사업,961445.3265,1902144.732
HG2012D002,항만건설,제부 마리나항 건설,922434.8428,1909067.012
YS2009E006,도로의 건설,영어교육도시 진입도로 건설공사,888315.0112,1479718.364
YS2009I002,하천의 이용 및 개발,함평지구 하천환경정비사업,910695.181,1674040.025
JJ2012I007,하천의 이용 및 개발,고부천 하장죽림지구 흥덕 고지배수로 설치공사(하장천),932108.8039,1743513.982
ME2010A005,도시의 개발,하남 감일 보금자리 주택지구 조성사업,969908.5077,1945416.459
ME2010C001,에너지개발,원주 그린열병합발전소 건설사업,1034580.577,1930521.472
ND2012B008,산업입지 및 산업단지,함안 장지일반산업단지 조성사업,1076467.989,1698236.717
HG2011E007,도로의 건설,전곡~영중 도로건설공사,972183.1017,2001714.787
HG2011B004,산업입지 및 산업단지,LG Digital Park(디지털 파크) 일반산업단지 조성사업,963860.3742,1903121.332
HG2011B005,산업입지 및 산업단지,포천 용정일반산업단지 조성사업,973895.609,1986615.466
HG2011B007,산업입지 및 산업단지,용인덕성2 일반산업단지 조성사업,974306.2914,1909316.8
HG2012E006,도로의 건설,평택호 횡단도로 건설공사,952364.5749,1882739.156
ME2012C001,에너지개발,아산국가산업단지 포승지구 집단에너지사업,942574.3563,1886584.192
ME2012C002,에너지개발,평택복합화력 2단계 건설사업,937503.9926,1889902.648
ME2012C006,에너지개발,새만금 산업지구 집단에너지공급시설,915804.1943,1771789.844
ME2011C001,에너지개발,"영흥화력 5, 6호기 건설사업 환경영향평가서 (재협의) 초안",905913.2979,1916181.874
ND2011B014,산업입지 및 산업단지,진주 가산일반산업단지 조성사업(재협의),1074488.562,1684093.102
GG2009B007,산업입지 및 산업단지,동부일반산업단지,1027865.122,1829019.269
GG2009D003,항만건설,장항항 정비공사,925021.4863,1779325.372
YS2010B005,산업입지 및 산업단지,나주 신도일반산업단지 조성,936269.7332,1667105.771
HG2012A003,도시의 개발,평택 지제.세교지구 도시개발사업,962221.4074,1891134.125
ME2011A003,도시의 개발,이천마장지구 택지개발사업,987297.3699,1917166.08
YS2009E003,도로의 건설,제주시 구국도대체우회도로(아라~회천) 건설공사,915238.7722,1498441.027
ND2012B014,산업입지 및 산업단지,고성장좌일반산업단지 조성사업(재협의),1087750.132,1667077.254
ND2012B018,산업입지 및 산업단지,울산 테크노일반산업단지 조성사업,1163248.146,1725200.886
WJ2009B012,산업입지 및 산업단지,횡성군 우천 제2농공단지 조성사업,1049805.405,1939124.038
WJ2009I001,하천의 이용 및 개발,한강살리기 7공구(탄금지구) 사업,1028003.692,1902645.792
YS2009B002,산업입지 및 산업단지,장흥 해당일반산업단지 조성사업,949229.4244,1633264.661
HG2009A009,도시의 개발,인천도시관리계획(옥골구역 도시개발사업 개발계획),924861.9485,1937325.362
HG2009B005,산업입지 및 산업단지,평택 서탄일반산업단지 조성사업,958334.346,1903026.623
HG2009B013,산업입지 및 산업단지,이천 패션물류단지 개발사업,990751.9595,1916390.639
YS2012A001,도시의 개발,와우지구 도시개발사업,1019438.225,1661102.41
ND2011E002,도로의 건설,창원동읍-김해한림 국도건설공사,1114688.111,1702378.131
ME2007E012,도로의 건설,서산 성연 ∼서산 운산 도로건설공사,913785.4461,1869224.435
YS2011E001,도로의 건설,신장~복용 도로확장공사,892493.0097,1653094.678
YS2008A002,도시의 개발,광주 효천1지구 도시개발사업,942656.2866,1678920.052
HG2009B014,도시의 개발,광주 초월물류단지 조성사업,983341.8789,1935202.852
ND2009A009,도시의 개발,진장물류단지 개발사업(2단계),1168082.127,1732689.338
WJ2009B004,산업입지 및 산업단지,원주 부론 일반산업단지 조성사업,1024680.075,1916879.174
YS2009B014,산업입지 및 산업단지,장성 나노기술 일반산업단지 조성사업,939490.5109,1693956.465
DG2012E001,도로의 건설,기계~안동4 국도건설공사,1124114.234,1830853.547
ND2008B005,산업입지 및 산업단지,사천향촌농공단지 조성사업,1055010.483,1659212.244
HG2005A017,도시의 개발,대진대학교,969821.7481,1986025.744
DG2008C001,에너지개발,김천 태양광발전소 건설사업,1052409.322,1804495.536
WJ2009B008,산업입지 및 산업단지,영월 제3농공단지 조성사업,1085414.347,1907483.92
WJ2009I002,하천의 이용 및 개발,한강살리기 8공구(충주지구) 사업,1035358.922,1890688.292
YS2009I003,하천의 이용 및 개발,"영산강살리기 사업(1,2공구)",910380.9321,1650370.091
GG2010B001,산업입지 및 산업단지,홍성일반산업단지 조성사업,913399.6046,1848171.481
YS2011E002,도로의 건설,포산~서망 도로확장공사,880465.0066,1602988.629
YS2011E004,도로의 건설,용곡~황죽간 지방도 2차로 확ㆍ포장공사,1012653.505,1671320.434
ND2011E003,도로의 건설,진해시 국도대체우회도로(귀곡-행암) 건설공사,1106545.558,1686745.129
ND2011E004,도로의 건설,거제~마산간 국도건설공사,1101990.339,1675857.782
YS2009B003,산업입지 및 산업단지,나주미래일반산업단지 개발사업,926062.8375,1664344.09
GG2010A004,도시의 개발,목원대학교 조성,985494.7664,1814245.03
HG2010A002,도시의 개발,마곡도시개발사업(재협의),940728.9769,1951905.783
HG2009B011,산업입지 및 산업단지,미전농공단지 조성사업,1119693.557,1713392.737
ND2009B012,산업입지 및 산업단지,"부산신항배후 국제산업,물류도시 조성사업 1단계(부산 미음명지동 GB해제)",1124919.505,1683598.346
DG2011B004,산업입지 및 산업단지,영일만4 일반산업단지(1단계) 조성사업,1171985.377,1791459.25
GG2010B008,산업입지 및 산업단지,대산 컴플렉스 조성사업(구.KCC서산일반산업단지),903167.626,1889411.244
JJ2011B001,산업입지 및 산업단지,전주 첨단복합산업단지(3-1단계) 조성사업,962946.2325,1763254.148
WJ2010B011,산업입지 및 산업단지,횡성 우천일반산업단지 조성사업,1049801.382,1939108.304
HG2010B011,산업입지 및 산업단지,김포 학운4 일반산업단지,921670.1067,1956980.71
JJ2010B005,산업입지 및 산업단지,고창 복분자 농공(특화)단지 조성사업,922217.3062,1723251.075
ME2011C012,산업입지 및 산업단지,"고정국가산업단지 개발사업 및 신보령 1,2호기 건설사업",909762.7263,1822709.908
GG2011B003,산업입지 및 산업단지,증평2일반산업단지 조성사업,1008241.971,1869046.273
GG2011B004,산업입지 및 산업단지,서산도시형일반산업단지,908226.2152,1860442.502
DG2011B002,산업입지 및 산업단지,석포 일반산업단지 조성사업,1138425.146,1894560.827
ND2011B008,산업입지 및 산업단지,함양휴천2차일반산업단지,1021118.071,1721268.56
HG2009B017,산업입지 및 산업단지,부천오정물류단지 개발사업,935450.3847,1948218.224
DG2010B011,산업입지 및 산업단지,경주 서동일반산업단지 조성사업,1174543.905,1742452.892
YS2012B001,산업입지 및 산업단지,탄소소재 사업,1025355.898,1657633.827
YS2010B004,산업입지 및 산업단지,용당 일반산업단지 조성사업,899127.4814,1642369.946
ND2012B005,산업입지 및 산업단지,부산신소재일반산업단지,1160563.169,1706598.32
JJ2012B001,산업입지 및 산업단지,임실 제2농공단지 조성사업,981425.8325,1735175.198
ND2012B004,산업입지 및 산업단지,서김해 일반산업단지 조성사업,1122051.381,1691245.543
DG2012B001,산업입지 및 산업단지,칠곡 농기계특화 농공단지 조성사업,1083915.76,1779446.031
JJ2011B007,산업입지 및 산업단지,군산 임피농공단지 조성사업,942265.5799,1777055.32
ND2011B011,산업입지 및 산업단지,내광일반산업단지 조성사업,1155943.941,1716319.161
ND2012B002,산업입지 및 산업단지,동남권 방사선 의과학 일반산업단지 조성사업,1159087.838,1704521.177
WJ2011B003,산업입지 및 산업단지,생극일반산업단지,1010133.92,1893658.326
ND2011B004,산업입지 및 산업단지,사천 축동일반산업단지,1053168.663,1680320.308
ND2011B016,산업입지 및 산업단지,함안 대치일반산업단지 조성사업,1088964.256,1707243.318
GG2012B001,산업입지 및 산업단지,계룡 제1농공단지 조성사업,979097.2159,1806192.281
ND2011B001,산업입지 및 산업단지,김해테크노밸리 산업단지 조성사업,1120994.009,1692004.8
ND2012B003,산업입지 및 산업단지,부산진해경제자유구역명동지구 개발사업,1121964.386,1684153.769
HG2011B008,산업입지 및 산업단지,평택 고렴지구 일반산업단지 조성사업,949637.4704,1895232.739
YS2012B020,산업입지 및 산업단지,탄소소재 사업,1025355.898,1657633.827
ND2011B010,산업입지 및 산업단지,창녕 하리 일반산업단지 조성사업,1090689.34,1730242.846
DG2011B001,산업입지 및 산업단지,포항 미남일반산업단지 조성사업,1166504.995,1799685.956
GG2011B001,산업입지 및 산업단지,오창제3산업단지 조성사업(구.오창 성재일반산업단지 조성사업),986476.941,1859561.12
ND2013B001,산업입지 및 산업단지,밀양 미전일반산업단지 조성사업,1119693.557,1713392.737
ND2009B032,산업입지 및 산업단지,부산신항배후 국제산업물류도시(송정북측) 일반산업단지 조성사업,1124919.505,1683598.346
JJ2013B002,산업입지 및 산업단지,부안 제3농공단지 조성사업,929931.4109,1749645.667
DG2012B005,산업입지 및 산업단지,건천 대곡2일반산업단지 조성사업,1146918.194,1763370.719
GG2013B011,산업입지 및 산업단지,영보일반산업단지 개발(재협의),910024.5215,1824685.085
DG2013B006,산업입지 및 산업단지,경주 석계3일반산업단지 조성사업,1163380.784,1744500.885
ND2013B007,산업입지 및 산업단지,김해 사이언스파크 일반산업단지 조성사업,1119210.03,1699918.316
ND2012B012,산업입지 및 산업단지,용암일반산업단지 조성사업,1165762.536,1720906.231
YS2013B002,산업입지 및 산업단지,담양일반산업단지 조성사업,955401.8374,1705451.77
DG2012B017,산업입지 및 산업단지,성주2일반산업단지 조성사업,1071374.027,1772077.161
ND2013B004,산업입지 및 산업단지,이노비즈벨리 일반산업단지 조성사업,1120692.356,1696631.333
WJ2012B005,산업입지 및 산업단지,북평 제2일반산업단지 조성사업,1145760.205,1942652.807
JJ2013B001,산업입지 및 산업단지,순창 풍산제2농공단지 조성사업,967850.4654,1703126.748
ND2012B017,산업입지 및 산업단지,양산 토정일반산업단지 조성사업,1137997.539,1709165.621
ND2013B006,산업입지 및 산업단지,오리일반산업단지 조성사업,1161001.16,1708572.32
WJ2013B001,산업입지 및 산업단지,음성 리노삼봉 일반산업단지 조성사업,1005275.037,1883002.579
GG2013B010,산업입지 및 산업단지,세종 첨단일반산업단지 조성사업,972959.0883,1857760.884
GG2013B002,산업입지 및 산업단지,대전 하소일반산업단지 조성사업,994499.9576,1802505.61
GG2013B009,산업입지 및 산업단지,청원 강내산업단지 조성사업,986541.444,1843037.247
ND2010B024,산업입지 및 산업단지,김해 봉림일반산업단지 조성사업,1123159.761,1705175.812
GG2013D004,산업입지 및 산업단지,현대제철A지구 추가부두 축조공사,931847.269,1888032.104
GG2013B012,산업입지 및 산업단지,세종 미래산업단지 조성사업,970288.4472,1848826.732
GG2013B004,산업입지 및 산업단지,노성농공단지 조성사업,966729.2331,1807874.068
DG2008B005,산업입지 및 산업단지,경주 양남일반산업단지 조성사업,1173821.136,1744749.152
ND2013B008,산업입지 및 산업단지,양산 석계2일반산업단지 조성사업,1142787.936,1714150.098
YS2013B001,산업입지 및 산업단지,광양 황금산업단지 조성사업,1010815.981,1657363.361
GG2012B004,산업입지 및 산업단지,남공주 일반산업단지 조성사업,962086.8948,1825242.761
GG2013B007,산업입지 및 산업단지,대산3 일반산업단지 조성사업,901087.0888,1888784.945
GG2013B001,산업입지 및 산업단지,대전 한전원자력연료(주) 신규부지 조성,988403.8931,1825708.153
GG2013B003,산업입지 및 산업단지,광혜원 제2농공단지 조성사업,993655.5283,1884356.201
DG2012B002,산업입지 및 산업단지,경주 외동 제내4일반산업단지 조성사업,1160223.848,1746179.006
DG2011B005,산업입지 및 산업단지,열뫼일반산업단지 조성사업,1074907.04,1746176.678
ND2013B017,산업입지 및 산업단지,김해 병동일반산업단지,1117776.441,1700395.097
DG2013B007,산업입지 및 산업단지,동고령(박곡) 일반산업단지 조성사업,1079397.117,1753444.637
ME2014C013,에너지개발,화성동탄 집단에너지시설 건설사업,963340.4264,1911118.622
ME2015C001,에너지개발,고성하이화력 발전사업(구.NSP민자발전 건설사업),1056787.591,1657427.723
ME2012C016,에너지개발,포항시 생활폐기물 에너지화시설 민간투자사업,1170590.259,1777937.922
ME2013C019,에너지개발,여주천연가스발전소 건설사업,1014045.388,1929172.971
ME2015C004,에너지개발,원주 화훼관광단지 집단에너지사업,1026973.712,1922613.086
ME2015C005,에너지개발,엘아이케이파워 폐열이용 발전 사업,1133593.789,1956248.989
ME2014C016,에너지개발,신평택 복합화력 건설사업,937626.3116,1889797.327
ND2007I001,하천의 이용 및 개발,"창원천,남천 생태하천 복원사업",1105465.007,1693921.67
GG2009I001,하천의 이용 및 개발,금강살리기 행복지구 생태하천조성사업,981748.4114,1833350.082
GG2010I002,하천의 이용 및 개발,유등천 하천환경정비사업(간이평가),990374.7582,1813690.444
HG2011I001,하천의 이용 및 개발,진위천 하천정비사업,956652.359,1893312.028
ND2011I001,하천의 이용 및 개발,"창원천,남천 생태하천 복원사업(재협의)",1105465.007,1693921.67
HG2012I003,하천의 이용 및 개발,청미천 장안.점동.노탑.오남지구 하천환경정비사업,1014396.419,1906432.893
ND2012I001,하천의 이용 및 개발,황강 하천환경정비사업,1064879.774,1731780.354
ND2013I001,하천의 이용 및 개발,양산천 양산지구 하천환경정비사업,1138597.81,1704756.214
YS2012I009,하천의 이용 및 개발,보성강 압록ㆍ주암지구 하천환경정비사업,980878.2798,1681444.49
ND2013I002,하천의 이용 및 개발,단장천 고향의강 정비사업,1120198.45,1723839.053
JJ2013I001,하천의 이용 및 개발,만경강 5개지구 하천환경정비사업,943371.9086,1766863.098
DG2013I001,하천의 이용 및 개발,내성천 용궁지구 3개지구 하천환경정비사업,1079037.051,1844134.733
YS2013I001,하천의 이용 및 개발,고막원천 다시2지구 등 3개사업,917907.3483,1677007.339
JJ2014I001,하천의 이용 및 개발,만경강 8개지구 하천환경정비사업,943371.9086,1766863.098
GG2014I001,하천의 이용 및 개발,유구천 생태하천복원사업,958659.0898,1832283.242
JJ2014I002,하천의 이용 및 개발,동진강 연포지구 등 3개지구 하천환경정비사업,935955.3704,1750892.858
YS2014I001,하천의 이용 및 개발,개천 생태하천 복원사업,935566.6129,1708326.701
JJ2015I001,하천의 이용 및 개발,만경강 신탁지구 등 2개사업,968940.3933,1770428.607
JJ2014I003,하천의 이용 및 개발,정읍천 오금지구(1공구) 하천환경정비사업,941647.1639,1738057.942
GG2015I001,하천의 이용 및 개발,삽교천 삽교지구 하천환경정비사업,934554.9096,1860325.892
DG2015I001,하천의 이용 및 개발,형산강 효자2지구 등 3개지구 하천환경정비사업(강동지구 하천환경정비사업),1157614.621,1772395.145
ND2015I001,하천의 이용 및 개발,남강 하기지구 하천환경정비사업등 2개지구,1082568.651,1707990.537
GG2014I002,하천의 이용 및 개발,곡교천 강청·인주지구 하천환경정비사업,945372.5858,1870202.937
HG2015I001,하천의 이용 및 개발,안성천 군문·안성지구 하천환경정비사업,961644.6611,1887827.425
YS2006D006,항만건설,성산포항건설공사,947173.6523,1498640.827
YS2006D007,항만건설,목포항 해경 어업지도선 부두축조,895052.8879,1645178.915
ND2007D005,항만건설,마산항 진입항로 준설,1104245.218,1677256.847
WJ2007D001,항만건설,속초항 관광선 부두건설 공사(재협의),1096076.716,2023249.109
GG2007D003,항만건설,"평택, 당진항 고대지구 관리부두 축조공사",932880.3924,1887748.95
DG2007D003,항만건설,포항 모포항 시설사업,1182765.834,1772582.604
DG2007D004,항만건설,나정항 시설 사업,1180319.938,1755235.245
ND2009D002,항만건설,울산신항 항만배후단지 조성사업,1170139.736,1720576.918
HG2007D001,항만건설,인천북항 투기장 조성사업,921189.7833,1945267.7
DG2009D002,항만건설,울릉군 천부항 방파제 보강사업,1297830.683,1954340.133
GG2009D001,항만건설,지방어항(마검포항) 어항시설사업,891377.4508,1847821.948
YS2010D001,항만건설,여수구항정비공사(2단계) 간이평가서(재협의),1021873.17,1637958.591
YS2011D003,항만건설,애월항 2단계 개발사업,890634.9286,1498302.155
YS2010D005,항만건설,광양(여천)항 항로준설사업(재협의),1019407.454,1651916.715
YS2010D003,항만건설,목포북항 배후부지 조성사업,895351.6192,1645443.549
YS2012D002,항만건설,화순항 2단계 개발사업(재협의),890649.048,1472502.509
HG2012D003,항만건설,2014 인천아시아경기대회 요트경기장(왕산마리나) 건설공사,899030.6526,1940355.116
ND2011D005,항만건설,다대포항 외곽방파제 축조공사,1135614.205,1673033.184
ND2011D004,항만건설,부산항 신항 서컨(1단계)항만배후단지 및 송도 준설토투기장 건설사업,1114857.736,1676752.756
ND2011D007,항만건설,명동마리나 방파제 설치공사,1111747.95,1677695.753
ND2012D002,항만건설,마산구항 방재언덕 설치공사,1098328.778,1690173.261
GG2013D002,항만건설,대천항 해경부두 조성사업,911390.335,1815348.27
HG2012J004,항만건설,탄도 준설토 투기장 조성사업,924024.0889,1910698.367
GG2013D001,항만건설,보령항 항로준설공사,910272.2756,1826301.845
ME2013D002,항만건설,읍천항 정비사업,1178860.314,1745598.979
ME2012D001,항만건설,이목항 어항시설사업,914386.4622,1576258.785
ME2012D005,항만건설,장고항 건설공사,916375.4035,1893193.469
JJ2012D001,항만건설,개야도 지방어항 개발사업,914953.9398,1782299.711
ME2012D004,항만건설,천성항건설사업,1119787.139,1671219.82
ME2013D003,항만건설,외포항 정비사업,1111460.496,1661124.269
ME2012D002,항만건설,다대다포항 정비사업,1103213.269,1637796.214
YS2012D004,항만건설,홍도항 동방파제 건설사업-재협의,789034.0231,1634280.357
HG2013D001,항만건설,인천항 국제여객부두 건설사업,920323.3312,1936115.598
HG2012J005,항만건설,용기포항 준설토 투기장 호안축조 공사,756745.9578,1998993.822
YS2013D001,항만건설,여수 신북항 건설사업,1023294.037,1640417.692
ME2013J001,항만건설,남포항 개발사업,1075136.277,1662792.935
ND2013D003,항만건설,울산신항 북항 방파호안 축조공사,1170192.35,1719017.094
ME2014D006,항만건설,방어진항 이용고도화 시범사업,1174788.896,1722503.574
ME2013D006,항만건설,전장포항 어항시설사업,876247.0861,1683186.852
ME2013D005,항만건설,노량항 건설사업,1033057.579,1661468.501
GG2013D005,항만건설,대산항 동측준설토 투기장 축조공사,902790.2526,1892868.627
ND2013D002,항만건설,울산 신항 남항(2단계) 외곽시설,1170450.049,1714581.551
ME2014D005,항만건설,죽변항 이용고도화 시범사업,1170784.272,1896939.034
YS2013D003,항만건설,광양항 3단계 준설토투기장 전면항로 준설공사,1013911.724,1651874.337
ME2014D001,항만건설,궁평항 건설공사,926956.6268,1902217.953
ME2014D004,항만건설,거진항 이용고도화 시범사업,1083773.767,2050069.62
GG2014D001,항만건설,지방어항(만대항) 개발계획,893840.0943,1886583.22
YS2015D002,항만건설,완도 신지 동고항 시설공사,943412.449,1594273.794
YS2015D003,항만건설,약산 장용항 시설공사,944581.2197,1601198.665
ME2014D007,항만건설,고현항 항만재개발사업,1102313.023,1656228.414
ME2015D006,항만건설,부산항(북항) 재개발사업(재협의),1140926.497,1680670.735
ME2014D003,항만건설,모항항 어항시설 사업,877972.7107,1865458.815
ND2014D003,항만건설,마산항 제2항로 확장 준설,1098920.225,1690094.231
ME2014D002,항만건설,사천진항 어항시설 정비계획,1121458.65,1982639.409
WJ2014D002,항만건설,주문진항 정비사업(2차 재협의),1117532.717,1988147.115
YS2015D001,항만건설,장흥 노력항 조성사업,950744.2658,1605916.914
ND2015D001,항만건설,한국석유공사 원유부이 이설(동해-1 가스전 배관 이설 포함),1171092.532,1712627.999
ME2015D001,항만건설,계마항 어항시설 정비사업,900629.8347,1710759.396
ME2015C003,항만건설,풍남항 정비공사,976786.2895,1613658.05
ME2014D008,항만건설,물건항 정비사업,1051127.138,1645004.345
ME2015D002,항만건설,시산항 외곽시설 보강공사,978186.3937,1600529.718
ND2016D001,항만건설,부산항 신항 토도 제거공사,1117609.741,1675723.763
ND2015D005,항만건설,부산항 신항 신규 준설토투기장(2구역) 호안축조공사,1113536.046,1676060.784
YS2015D005,항만건설,녹동신항 일반·모래부두 준설토 투기장 건설사업,968119.4416,1614499.963
ND2013D010,항만건설,이천항 어촌정주어항 개발계획수립,1158135.745,1697914.327
ND2013D011,항만건설,월전항 어촌정주어항 개발계획수립,1158762.107,1694893.008
ND2016D002,항만건설,마산항 서항지구 친수공간 조성공사,1097123.921,1688386.822
DG2015D002,항만건설,후포 마리나항만 개발사업,1174281.362,1855112.99
ND2015D003,항만건설,부산항 신항 항로확장 준설공사,1116341.9,1672630.405
ND2015D004,항만건설,진하 마리나항만 기반시설 건설공사,1167138.344,1712028.936
GG2015D001,항만건설,지방어항(백사장항) 개발계획,893997.0743,1843878.459
DG2015D003,항만건설,창포항 정비공사,1172762.203,1824816.421
YS2015D006,항만건설,여수엑스포 마리나항만 기반시설 건설공사,1023053.826,1638817.88
DG2015D004,항만건설,이가리항 정비 계획 수립,1169637.314,1800241.179
ND2013D008,항만건설,공수항 어촌정주어항 개발계획수립,1155951.315,1688929.711
HG2016D001,항만건설,평택·당진항 파제제 건설공사,942762.0553,1882600.676
ME2015D005,항만건설,금진항 정비사업,1136820.118,1962351.169
WJ2014D001,항만건설,동해항 3단계 개발사업,1146427.22,1944743.521
DG2015D001,항만건설,포항신항 스웰 개선대책 시설 및 기타공사,1171313.625,1781839.842
GG2009I003,하천의 이용 및 개발,금강살리기 3공구(강경지구) 사업,954128.0235,1796074.248
GG2009I004,하천의 이용 및 개발,금강살리기 10공구(미호2지구) 사업,993435.4734,1853644.359
HG2009I001,하천의 이용 및 개발,안양천(하류) 정비사업,945348.8259,1944645.913
HG2009I003,하천의 이용 및 개발,서해연결 한강주운 기반조성사업,945247.2447,1951367.691
GG2009I005,하천의 이용 및 개발,금강살리기 2단계 사업(서천지구외 7지구),961761.6725,1797312.678
DG2009I002,하천의 이용 및 개발,낙동강 살리기(2권역_2단계) 사업,1086988.799,1809007.387
ND2009I003,하천의 이용 및 개발,밀양2 생태하천 조성사업,1114383.987,1720953.428
JJ2010I002,하천의 이용 및 개발,금강수계치수사업 적상천 부남제 개수공사,1011912.823,1776504.608
ND2011I003,하천의 이용 및 개발,황강 합천지구 하천개수공사,1060920.999,1730575.79
WJ2011K001,도시의 개발,괴산군 성불산 생태공원,1032033.038,1867619.993
ND2012A001,도시의 개발,무등 물류단지 조성사업,1078976.553,1663466.049
HG2012A004,도시의 개발,의왕 백운지식문화밸리 도시개발사업,956363.2625,1930399.551
ND2008B010,산업입지 및 산업단지,금서제2농공단지 조성사업,1032017.614,1713549.617
GG2013B008,산업입지 및 산업단지,송선일반산업단지 조성사업,969945.4148,1832884.366
ND2014B002,산업입지 및 산업단지,에코장안일반산업단지 조성사업,1160060.89,1705611.325
YS2015B005,산업입지 및 산업단지,여수국가산업단지내 공장증설사업(대림산업㈜),1014676.315,1645630.816
GG2015B005,산업입지 및 산업단지,(가칭) 에스폼 산업단지 조성사업,993058.7059,1884776.162
YS2016B006,산업입지 및 산업단지,평동3차 일반산업단지(1단계) 조성사업,932204.0731,1679895.951
ME2013C005,에너지개발,하남미사지구 집단에너지공급시설 건설사업,972325.1626,1950348.401
ND2013B002,산업입지 및 산업단지,SK에너지(주) 공장부지 조성사업,1167823.316,1723381.742
ME2008D001,항만건설,부산항(북항)재개발사업,1140802.675,1680572.33
GG2009D002,항만건설,비인항 항만시설정비사업(재협의),910287.7686,1793274.101
ME2013D004,항만건설,축산항 어항시설 정비사업,1174565.336,1836380.865
YS2015D004,항만건설,완도 신지 월양항 시설공사,939132.1793,1591322.055
HG2014E006,도로의 건설,국지도 84호선(중리~천리) 개설공사,970279.9227,1911191.055
GG2013I001,산업입지 및 산업단지,웰빙로 조성사업 실시설계,964205.2232,1856195.326
HG2005C003,에너지개발,345kv 신포천-신덕은 송전선로 건설사업,957635.4988,1990473.771
GG2008C001,에너지개발,345kv 신당진∼신온양 송전선로 건설사업(345kV 북당진∼신탕정(2구간) 송전선로),948022.3105,1872191.661
GG2012C001,에너지개발,345kV 북당진~신탕정T/L(당진구간),937194.0408,1879261.337
ME2006E005,도로의 건설,남해고속도로(서김해-남양산간) 확장사업,1132837.531,1697234.671
HG2007I001,하천의 이용 및 개발,경안천 오염하천 정화사업,975269.4945,1918445.982
WJ2010E001,도로의 건설,지방도463호선 화지~문혜간 도로 확포장공사,979809.3541,2022186.528
WJ2013B002,산업입지 및 산업단지,음성 오선일반산업단지 조성사업,1006265.554,1886236.921
ND2015I002,하천의 이용 및 개발,남강 생초지구 하천환경정비사업,1029690.693,1721427.138
HG2015D001,항만건설,인천 수리조선단지 조성사업,918492.0534,1954094.036
HG2012J001,항만건설,인천 수리조선단지 조성사업,918489.2724,1954097.83
HG2015B007,산업입지 및 산업단지,안성 동항2 일반산업단지 조성사업,971892.1026,1896289.071
ND2009B003,산업입지 및 산업단지,밀양 용전일반산업단지 조성사업,1120529.646,1714788.27
DG2006B001,산업입지 및 산업단지,경주 천북일반지방산업단지 조성사업(재협의),1159797.5,1772966.647
HG2012E008,도로의 건설,지방도338호선,974623.9955,1936981.015
HG2007E005,도로의 건설,자금~회천 6차로 확장공사,962988.5974,1976382.99
ND2007E002,도로의 건설,장안-온산 국도건설,1164349.455,1709061.522
ME2007E001,도로의 건설,중부고속도로(음성~호법)간 확장사업,996474.6927,1895458.668
ME2006E003,도로의 건설,강남순환도시고속도로(남북구간)건설사업(서부간선도로 교통구조개선사업),945223.2637,1944468.382
HG2007E007,도로의 건설,고양시관내(관산~벽제) 국도대체 우회도로건설공사,945642.4046,1968108.672
GG2013Q001,산업입지 및 산업단지,보령 옥계리 제일석산 채석단지 조성사업,922010.0312,1824572.691
HG2014B001,산업입지 및 산업단지,화성 주곡 일반산업단지 개발사업,938956.849,1902404.12
ND2014B005,산업입지 및 산업단지,울산 · 미포 국가산업단지(효문공단) 공장용지 조성사업,1169549.921,1731929.091
WJ2014B004,산업입지 및 산업단지,충주 제5일반산업단지 조성사업,1040068.42,1890042.166
GG2014B001,산업입지 및 산업단지,아산 탕정테크노 일반산업단지 조성사업,959553.1623,1868722.129
ND2014B011,산업입지 및 산업단지,김해 이지(Eco-Zone)일반산업단지 조성사업,1121776.366,1692992.502
GG2013B013,산업입지 및 산업단지,현대대죽 일반산업단지 조성사업,902670.0112,1891147.796
JJ2013B003,산업입지 및 산업단지,김제백구 농공단지 조성사업,951303.3777,1766473.225
ND2014B004,산업입지 및 산업단지,김해 사이언스파크 일반산업단지 조성사업 계획변경(재협의),1119033.376,1699756.913
ND2013B015,산업입지 및 산업단지,김해 신천일반산업단지 조성사업,1121068.692,1698219.288
ND2013B016,산업입지 및 산업단지,사천 금진일반산업단지 조성사업,1038969.863,1670868.422
DG2013B009,산업입지 및 산업단지,경주 석계4일반산업단지계획,1163380.784,1744500.885
HG2013B001,산업입지 및 산업단지,서운일반산업단지 조성사업,934213.4285,1948554.801
ND2014B010,산업입지 및 산업단지,양산 서창일반산업단지 조성사업,1150445.653,1715786.845
ND2013B014,산업입지 및 산업단지,용당일반산업단지 조성사업,1153724.489,1716580.298
WJ2013B003,산업입지 및 산업단지,유촌산업단지 조성사업,1005487.09,1883739.349
ND2014B001,산업입지 및 산업단지,창원 안골 일반산업단지 조성사업,1117967.9,1677961.797
GG2013B014,산업입지 및 산업단지,가야곡2 농공단지 조성사업,968107.6351,1792284.131
ND2013B018,산업입지 및 산업단지,종포일반산업단지 조성사업,1049470.198,1670545.81
ND2013B020,산업입지 및 산업단지,용전2일반산업단지조성사업,1119586.064,1714815.139
WJ2014B003,산업입지 및 산업단지,태백 스포츠 산업단지 조성사업,1137070.859,1899583.066
JJ2014B001,산업입지 및 산업단지,정읍 소성 특화농공단지 조성사업,935854.6224,1730328.65
DG2015B002,산업입지 및 산업단지,서대구산업단지 재생시행계획수립,1093838.538,1764115.55
ND2014B003,산업입지 및 산업단지,사천 대진일반산업단지 조성사업,1045502.252,1672416.111
WJ2014B002,산업입지 및 산업단지,제천지방산업단지지정 개발계획변경(재협의),1060899.102,1907145.02
ND2014B014,산업입지 및 산업단지,밀양 용전3일반산업단지 조성사업,1121297.908,1715971.307
ND2014B012,산업입지 및 산업단지,금형(뿌리) 산업단지 조성사업,1055172.935,1679948.683
ND2015B004,산업입지 및 산업단지,김해AM하이테크 일반산업단지 조성사업,1115774.137,1693794.888
HG2015B006,산업입지 및 산업단지,서울우유 일반산업단지 조성사업,959324.2248,1982583.825
ME2015B001,산업입지 및 산업단지,판교 창조경제밸리 조성사업,964231.5179,1934793.872
DG2014B003,산업입지 및 산업단지,고아제2농공단지 조성사업,1073783.87,1802628.605
ND2015B003,산업입지 및 산업단지,울산비축기지 지하화 건설공사,1165906.72,1717790.07
YS2015B006,산업입지 및 산업단지,여수국가산업단지내 공장증설사업(한화케미칼㈜),1015412.531,1646739.029
GG2014B008,산업입지 및 산업단지,엑스포재창조 사업 및 도룡거점지구 개발사업,989659.8144,1819986.358
GG2014B009,산업입지 및 산업단지,천안 LG생활건강 퓨쳐일반산업단지,969358.4609,1861806.357
ND2014B006,산업입지 및 산업단지,온산국가산업단지 당월지구 조성사업,1168845.095,1714518.504
JJ2014B003,산업입지 및 산업단지,남원 일반산업단지 조성사업,986526.8691,1721778.635
HG2015B002,산업입지 및 산업단지,화성 정남 일반산업단지 조성사업,957969.6284,1905206.327
YS2015B002,산업입지 및 산업단지,삼일자원비축산업단지 건설사업(여수추가 지상탱크 건설공사),1024677.863,1649183.37
ND2014B016,산업입지 및 산업단지,창원 죽곡2 일반산업단지 조성사업,1111358.56,1679835.831
JJ2014B004,산업입지 및 산업단지,익산 함열 농공(전문)단지 조성사업,951624.747,1788108.987
ND2015B001,산업입지 및 산업단지,칠원 용산일반산업단지 조성사업,1091385.456,1701338.211
ND2014B013,산업입지 및 산업단지,김해 삼계일반산업단지 조성사업,1122862.027,1699243.666
DG2015B001,산업입지 및 산업단지,대구 제3산업단지 재생시행계획수립,1096271.084,1767212.774
GG2014B007,산업입지 및 산업단지,논산 태화일반산업단지 조성사업,971514.1601,1803278.627
JJ2015B001,산업입지 및 산업단지,전주 노후산단 및 주변공업지역 재생사업,963673.7827,1762093.503
YS2015B007,산업입지 및 산업단지,고흥 동강특화농공단지 조성사업,985746.2965,1645316.004
GG2014B005,산업입지 및 산업단지,서산 엠피씨대산전력 일반산업단지 조성사업,898781.1239,1889284.942
ND2014B017,산업입지 및 산업단지,진해국가산업단지(배후이주단지:11공구) 확장사업,1112550.456,1678569.47
ND2015B002,산업입지 및 산업단지,창원국가산업단지 개발사업(00부대 이전부지 개발사업),1102616.001,1696096.803
WJ2015B001,산업입지 및 산업단지,(주)성안 공장증설사업,1007091.343,1884694.807
ND2014B008,산업입지 및 산업단지,함안 화천일반산업단지 조성사업,1091884.144,1707459.08
YS2015B003,산업입지 및 산업단지,여수국가산업단지내 공장증설사업(롯데케미칼㈜),1015412.531,1646739.029
HG2015B003,산업입지 및 산업단지,용인테크노밸리 조성사업,974173.4158,1908165.381
GG2014B002,산업입지 및 산업단지,탕정 일반산업단지 조성사업,961246.186,1866345.597
DG2014B002,산업입지 및 산업단지,월성 일반산업단지 조성사업,1082588.183,1759431.263
DG2015B004,산업입지 및 산업단지,경주 명계3일반산업단지 조성사업,1156401.961,1748192.016
HG2016B004,산업입지 및 산업단지,김포 학운6 일반산업단지,920706.5643,1956264.231
DG2015B005,산업입지 및 산업단지,경주 문산2일반산업단지,1163679.07,1743217.247
ND2016B004,산업입지 및 산업단지,산청 한방항노화 일반산업단지 조성사업,1031185.498,1712793.621
DG2015B003,산업입지 및 산업단지,건천4일반산업단지 조성사업,1144650.854,1765784.663
ND2015B007,산업입지 및 산업단지,밀양 부북특별농공단지 조성사업,1112633.512,1724351.545
GG2016B004,산업입지 및 산업단지,고덕농공단지조성(확장)사업(오택캐리어냉장(유)),930743.0175,1865499.487
HG2015B004,산업입지 및 산업단지,화성 송산테크노파크 일반산업단지 조성사업,928714.2132,1913542.394
JJ2015B003,산업입지 및 산업단지,완주 테크노밸리 일반산업단지 2단계 조성사업,965330.1265,1775128.325
HG2014B003,산업입지 및 산업단지,포천에코그린 일반산업단지 조성사업,977319.9453,1996714.531
WJ2015O001,산업입지 및 산업단지,"음성 성본산업단지(구, 음성 태생일반산업단지) 및 폐기물처리시설(매립장) 조성사업",1003372.113,1885358.959
ND2015B018,산업입지 및 산업단지,지사 글로벌일반산업단지 조성사업,1119745.168,1684292.95
GG2015B004,산업입지 및 산업단지,옥천 제2의료기기 산업단지,1008176.272,1808964.795
ND2015B009,산업입지 및 산업단지,양산 덕계월라일반산업단지 조성사업,1150422.783,1709047.48
ND2015B023,산업입지 및 산업단지,지사 글로벌일반산업단지 조성사업,1119745.168,1684292.95
ND2015B019,산업입지 및 산업단지,칠북 성호일반산업단지 조성사업,1091492.353,1706634.765
YS2015B009,산업입지 및 산업단지,곡성 운곡 특화농공단지 조성사업,964857.4384,1697249.862
ND2015B022,산업입지 및 산업단지,양산 산막일반산업단지 조성사업,1142328.325,1708326.494
DG2015B007,산업입지 및 산업단지,금호워터폴리스 산업단지 개발사업,1101276.529,1769925.204
HG2015B009,산업입지 및 산업단지,김포 대포일반산업단지 조성사업,923134.9995,1957411.316
YS2015B010,산업입지 및 산업단지,구례 자연드림파크 조성,992161.4423,1697407.438
GG2016B001,산업입지 및 산업단지,청주 에어로폴리스 2지구 조성사업,1000336.596,1859098.375
ND2016B001,산업입지 및 산업단지,울주군 청양일반산업단지 조성사업,1164476.156,1718591.546
ND2016B002,산업입지 및 산업단지,양산 주남일반산업단지 조성사업,1150724.771,1715632.2
HG2015B005,산업입지 및 산업단지,화성 동탄2일반산업단지 조성사업,966260.6511,1905617.945
HG2016B002,산업입지 및 산업단지,유창일반산업단지 개발사업,958967.2383,1903348.423
YS2015B011,산업입지 및 산업단지,여수국가산업단지 롯데케미칼(주) 공장증설용지 조성사업,1016438.358,1647607.87
YS2015B012,산업입지 및 산업단지,여수국가산업단지 여천NCC(주) 공장증설용지 조성사업,1014677.498,1645631.915
YS2015B013,산업입지 및 산업단지,여수국가산업단지 대림산업(주) 공장증설용지 조성사업,1015412.531,1646739.029
YS2015B014,산업입지 및 산업단지,여수국가산업단지 한화케미칼(주) 공장증설용지 조성사업,1015412.531,1646739.029
ME2016B001,산업입지 및 산업단지,남구 도시첨단산업단지 조성사업,939037.1134,1677481.169
YS2016B004,산업입지 및 산업단지,해남 화원조선농공단지계획 변경,891928.328,1639716.827
WJ2015B005,산업입지 및 산업단지,괴산유기식품 산업단지 조성사업(재협의),1032567.396,1863331.152
DG2006C001,에너지개발,345kV 예천양수 송전선로 건설사업,1087838.049,1863763.073
ME2007C021,에너지개발,청평수력 증설(4호기)공사,992807.1896,1969178.316
ME2007C017,에너지개발,"신울진 원자력 1,2호기 건설사업",1168305.231,1899763.972
ME2007C022,에너지개발,청평수력 증설(4호기 신설)공사,992807.1896,1969178.316
ME2008C004,에너지개발,평택고덕복합화력 건설사업,960511.0248,1892768.782
ME2010C006,에너지개발,대구혁신도시 집단에너지사업,1108781.988,1765695.716
ME2012C008,에너지개발,광양 노정압발전기 설치사업,1022677.253,1658800.824
ME2011C007,에너지개발,안동천연가스발전소 건설사업,1093179.197,1844624.408
ME2011C015,에너지개발,울산 4호기 복합화력발전소 건설사업,930157.917,1888383.572
ME2011C021,에너지개발,안산 복합화력발전소 건설사업,936025.8381,1922009.219
ME2011C009,에너지개발,군산지방산업단지 집단에너지 공급사업(증설),922131.9255,1775951.445
ME2012C015,에너지개발,쌍용양회공업㈜ 폐열회수 발전사업 시설공사,1137214.624,1943949.81
ME2011C017,에너지개발,장문 천연가스 발전소 건설사업,937186.5322,1981337.27
ME2013C007,에너지개발,아세아시멘트 제천공장 폐열회수 발전사업,1071228.713,1912336.104
ME2013C004,에너지개발,성신양회(주) 단양공장 폐열회수발전 증설사업,1074413.449,1890764.04
ME2013C006,에너지개발,세종 열병합발전소 건설공사,977272.7111,1830025.195
ME2013C010,에너지개발,(주)전주페이퍼 전주공장 바이오매스 발전사업,963516.6377,1761255.869
ME2013C011,에너지개발,군산지방산업단지 집단에너지 공급사업(증설),922131.9255,1775951.445
ME2012C003,에너지개발,하남미사지구 집단에너지공급시설 건설사업(반려),972325.1626,1950348.401
ME2012C004,에너지개발,오산 집단에너지 공급사업,960555.2258,1904753.447
ME2012C013,에너지개발,금호석유화학(주) 집단에너지(증설) 사업,1013504.995,1646708.597
ME2012C005,에너지개발,광주전남공동혁신도시 집단에너지시설 건설사업,936209.0948,1666927.054
ME2013C009,에너지개발,대우 포천복합(1호기) 발전사업 (구.포천 천연가스 발전소 1호기 건설사업),971073.678,1994152.257
ME2013C013,에너지개발,석문국가 산업단지 집단에너지 공급사업,918937.2382,1890496.871
ME2014C005,에너지개발,LG화학 대산공장 자가발전시설(No.2 GTG)추가 설치,900478.1835,1890161.678
ME2013C018,에너지개발,위례신도시 집단에너지공급시설 건설사업,969304.7809,1942475.019
ME2013C001,에너지개발,GS 당진복합 4호기 발전소 건설사업(구.GS당진발전소 5호기 건설사업),936100.9788,1884310.906
ME2014C002,에너지개발,가로림조력 건설사업,894501.8789,1884790.259
ME2013C008,에너지개발,인천생산기지 4지구 LNG시설 건설공사,919822.8758,1928387.061
ME2014C001,에너지개발,LG화학 여수공장 부생가스(CH4)를 활용한 발전시설(NO.4 GTG)증설사업,1016764.223,1649072.476
WJ2014C001,에너지개발,삼척에너지(주) 동양시멘트내 폐열회수발전사업,1148475.659,1937496.235
ME2013C002,에너지개발,포천 집단에너지,976494.9926,1995433.282
ME2014C004,에너지개발,온산 에너빅스 발전사업,1168003.79,1718425.825
ME2014C011,에너지개발,춘천 집단에너지사업,1024077.905,1974032.947
ME2014C008,에너지개발,온산 에너빅스 발전사업,1168003.79,1718425.825
ME2014C012,에너지개발,삼성토탈(주) 대산공장 부생가스(CH4)를 활용한 발전시설 (GTG#3)증설사업,898431.156,1889491.102
ME2013C017,에너지개발,군산2국가산업단지 집단에너지공급시설 증설공사,913180.5308,1773516.587
ME2013C021,에너지개발,NSP(고성그린) 민자발전 건설사업,1056787.591,1657427.723
ME2014C003,에너지개발,(주)전주파워 바이오매스(#2) 발전사업(구.(주)전주페이퍼 전주공장 바이오매스(2호기) 발전사업),963516.6377,1761255.869
ME2013C016,에너지개발,"G-Project(강릉화력발전) 건설사업(안인화력 1,2호기)",1130256.211,1971528.359
ME2014C009,에너지개발,안양열병합발전소 개체사업,952835.6997,1932875.56
ME2014C014,에너지개발,신서천 화력 건설사업,909762.6789,1794671.129
ME2013C020,에너지개발,충남도청(내포) 신도시 집단에너지사업,927457.7017,1851761.014
ME2013C015,에너지개발,영남복합화력 건설사업,1170773.71,1725710.925
GG2014C001,에너지개발,765KV 신중부변전소 및 분기송전선로 건설사업,987426.8433,1861092.37
DG2009A003,도시의 개발,포항 곡강지구 도시개발사업,1170375.539,1791461.352
ND2012A002,도시의 개발,창원 중앙역세권 종합개발사업,1109107.714,1694236.015
ND2010A005,도시의 개발,의령 동동택지개발사업(재협의),1070461.978,1703118.049
HG2011Z001,도시의 개발,용인 양지 유통업무설비 조성사업,981843.4625,1914546.006
DG2011A001,도시의 개발,경북도청이전 신도시건설사업,1088710.368,1841456.355
YS2012A002,도시의 개발,광양 광영·의암지구 도시개발사업,1020256.413,1663717.314
HG2013A004,도시의 개발,여주 프리미엄 아울렛2관 조성사업,1009627.553,1915610.169
ME2013A001,도시의 개발,창원가포 보금자리주택지구 조성사업(재협의),1098246.796,1685034.986
DG2013A001,도시의 개발,구미 문성2지구 도시개발사업,1076129.689,1795546.225
GG2013A001,도시의 개발,"백석대학교, 백석문화대학교 확장사업",972038.1309,1871202.486
HG2013A008,도시의 개발,의왕 장안지구 도시개발사업,952245.4942,1924623.976
GG2013A003,도시의 개발,단국대학교 천안캠퍼스 확장,970525.1546,1871236.832
HG2013A001,도시의 개발,김포 향산 도시개발사업,933515.3683,1958117.558
HG2013A006,도시의 개발,평택 화양지구 도시개발사업,946566.9242,1886842.078
WJ2013A001,도시의 개발,춘천 학곡지구 도시개발사업,1022640.448,1982292.3
ND2014A001,도시의 개발,김해 풍유유통 물류단지 조성사업,1122862.324,1692131.069
GG2014A001,도시의 개발,하대실 도시개발사업,978110.8381,1806748.409
ME2013A006,도시의 개발,창원가포 보금자리주택지구 조성사업,1098246.796,1685034.986
HG2014A001,도시의 개발,의왕 장안지구 도시개발사업,952245.4942,1924623.976
GG2013A002,도시의 개발,아산 배방월천지구 도시개발사업,962236.021,1863778.367
ND2013A001,도시의 개발,일광지구 도시개발사업,1156825.486,1697956.74
HG2013A007,도시의 개발,평택 인광1지구 도시개발사업,948817.9036,1885609.615
HG2015B001,도시의 개발,광주 직동 물류단지 조성사업,971689.4944,1932949.784
GG2014A002,도시의 개발,천안 부성지구 도시개발사업,968870.3462,1872059.831
ME2015A005,도시의 개발,대구도남 공공주택지구 조성사업,1097836.266,1773590.234
HG2013A009,도시의 개발,둔촌주공아파트 주택재건축정비사업,968140.0635,1947236.144
ME2014A003,도시의 개발,고양덕은지구 도시개발사업,943907.3006,1953697.778
GG2015A002,도시의 개발,서산 예천2지구 도시개발사업,906254.7079,1863439.198
HG2015A001,도시의 개발,용인 동천2지구 도시개발사업,963794.6592,1927111.307
DG2015A001,도시의 개발,경산무학지구 택지개발사업,1117965.348,1769862.932
HG2015A003,도시의 개발,의정부 추동근린공원 조성계획(변경),962155.0999,1971431.122
HG2015A002,도시의 개발,김포 향산지구 도시개발사업,933515.3683,1958117.558
HG2016A003,도시의 개발,남여주 물류단지 조성사업,1008970.181,1916396.807
YS2015A002,도시의 개발,첨단문화복합단지 조성사업,949465.478,1702510.052
HG2015A005,도시의 개발,광주시 오포물류단지 조성사업,973171.7252,1927622.8
HG2016A001,도시의 개발,성남 대장동·제1공단 결합 도시개발사업,961888.3941,1930043.522
DG2015A002,도시의 개발,거의1지구 도시개발사업,1081556.019,1794370.851
JJ2015A001,도시의 개발,익산 왕궁물류단지 조성사업,964225.9455,1776680.75
HG2014A002,도시의 개발,개포주공1단지 주택재건축정비사업,961013.116,1942430.134
HG2015A004,도시의 개발,김포 신곡6지구 도시개발사업,934670.6949,1955173.507
ND2016A001,도시의 개발,울산 덕하지구 토지구획정리사업(재협의),1163591.569,1722101.322
HG2016A002,도시의 개발,인천 루원시티 도시개발사업(재협의),927352.4027,1947530.345
HG2015A008,도시의 개발,한들구역 도시개발사업,926776.3114,1953733.197
YS2015A003,도시의 개발,광양 성황·도이지구 도시개발사업,1016202.161,1660282.882
GG2015A003,도시의 개발,한서대학교 교육시설(태안캠퍼스) 확장사업,892219.7713,1844672.358
HG2016A004,도시의 개발,구월 농산물 도매시장 이전건립 사업,930939.1928,1936362.413
ME2016A001,도시의 개발,칠곡북삼 도시개발사업,1076680.708,1785345.789
ME2016A004,도시의 개발,의왕고천 공공주택지구 조성사업,953234.649,1927377.815
YS2006B005,산업입지 및 산업단지,GS칼텍스㈜신규산업단지 조성사업,1019324.225,1649885.3
HG2008B001,산업입지 및 산업단지,파주 축현일반지방산업단지 조성사업,933503.5128,1978533.843
DG2008B003,산업입지 및 산업단지,김천일반산업단지 조성사업,1055910.811,1796097.526
WJ2008B005,산업입지 및 산업단지,음성 원남산업단지 조성사업,1015838.815,1876910.464
ND2009B011,산업입지 및 산업단지,양산 덕계일반산업단지 조성사업,1150422.783,1709047.48
WJ2008B008,산업입지 및 산업단지,충주 가금농공단지 조성사업(확장),1032786.269,1897197.577
GG2012B006,산업입지 및 산업단지,논산 동산일반산업단지 조성사업,967070.1605,1792710.752
GG2009B010,산업입지 및 산업단지,예산일반산업단지 조성,933303.7856,1853101.573
GG2009B014,산업입지 및 산업단지,예산테크노밸리 조성사업,941628.077,1857293.931
GG2010Z001,산업입지 및 산업단지,대주중공업 공장증설(재협의),930329.7686,1867386.385
ND2010B014,산업입지 및 산업단지,진북·정현지구 공장부지 조성사업,1087634.135,1687049.14
ND2009B027,산업입지 및 산업단지,명동일반산업단지,1118190.332,1700343.819
GG2009B003,산업입지 및 산업단지,청주테크노폴리스 일반산업단지,988923.8783,1861102.448
DG2009B002,산업입지 및 산업단지,문경 가은제2농공단지 조성사업,1051419.804,1849218.063
ND2010B015,산업입지 및 산업단지,중산2차 일반산업단지 조성사업,1167730.277,1742142.664
ND2010B019,산업입지 및 산업단지,양산 어곡제2일반산업단지 조성사업,1137230.417,1711420.754
ME2009B007,산업입지 및 산업단지,삼일자원비축산업단지 개발사업 환경영향평가(재협의),1024096.271,1648359.024
WJ2010B002,산업입지 및 산업단지,강릉옥계 일반산업단지 조성사업,1136256.87,1959081.867
ND2010B009,산업입지 및 산업단지,함안 대사일반산업단지 조성사업,1087844.365,1705354.92
ND2010B013,산업입지 및 산업단지,매곡3 일반산업단지 조성사업,1169113.633,1739790.203
JJ2010B002,산업입지 및 산업단지,완주 테크노밸리 조성사업,965330.1265,1775128.325
HG2010B014,산업입지 및 산업단지,청산대전 일반산업단지 개발사업,963205.4139,2000759.958
DG2010B008,산업입지 및 산업단지,반구전문농공단지 조성사업,1097359.132,1864863.339
GG2010B013,산업입지 및 산업단지,예산 신암농공단지 증설사업(간이평가),939467.5741,1861146.517
ND2010B010,산업입지 및 산업단지,진주 가산일반산업단지 조성사업,1074460.286,1684132.685
